poverta_minorile,alfab_femminile,distanza_scuola_km,rapporto_alunni_ins,servizi_igienici_f,accesso_stradale,lavoro_minorile,eventi_conflitto,shock_climatico,scuola_coranica,acqua_potabile,spesa_edu_procapite,lga_id
6.7,23.0,9.0,3.3,4.6,15.8,5.8,0.0,2.6,22.0,7.0,0.1,59680162B10012275275709
0.0,13.7,3.1,11.2,9.0,18.3,9.9,0.0,1.7,16.2,16.9,0.0,59680162B10083289652159
0.0,0.0,2.1,0.0,30.2,4.7,35.6,0.0,8.3,19.2,0.0,0.0,59680162B1032840889978
19.4,11.8,2.2,0.0,0.0,20.1,16.2,6.3,6.3,0.0,14.4,3.3,59680162B10585943230735
0.0,7.8,0.0,5.8,15.3,0.0,5.6,41.7,8.8,15.0,0.0,0.0,59680162B10627743467335
12.5,18.8,3.0,3.4,8.7,12.3,2.9,0.0,6.1,25.1,6.4,0.8,59680162B10831398447622
0.0,0.0,0.0,0.0,0.0,0.0,0.0,0.0,100.0,0.0,0.0,0.0,59680162B10854216301983
0.0,0.0,0.0,0.0,0.0,0.0,0.0,0.0,0.0,0.0,0.0,0.0,59680162B11018926765325
0.0,0.0,0.0,0.0,0.0,0.0,0.0,0.0,0.0,0.0,100.0,0.0,59680162B11133908611483
27.1,12.9,12.5,16.0,0.0,0.0,0.0,12.6,11.1,0.0,3.9,3.9,59680162B11164722545286
0.0,0.0,0.0,0.0,0.0,0.0,0.0,0.0,0.0,0.0,0.0,100.0,59680162B11241948791785
0.0,0.0,0.0,0.0,0.0,0.0,0.0,0.0,0.0,0.0,0.0,100.0,59680162B11400589438827
0.0,0.0,58.2,0.0,0.0,0.0,11.6,0.0,26.1,0.0,0.0,4.2,59680162B11436342937739
3.7,27.2,8.3,0.0,4.7,2.6,5.9,12.5,0.0,19.6,15.5,0.0,59680162B11671066128606
27.3,0.0,5.6,0.0,21.3,8.8,0.0,0.0,6.0,31.0,0.0,0.0,59680162B11863934245151
0.0,0.0,0.0,0.0,29.2,28.1,4.9,8.8,29.0,0.0,0.0,0.0,59680162B11957186029310
14.2,22.9,3.9,6.3,10.2,9.3,2.6,0.0,3.8,18.0,8.1,0.7,59680162B12426298681132
10.4,27.5,6.0,6.0,13.1,1.5,12.3,2.0,5.8,15.0,0.0,0.3,59680162B12574760496394
0.0,0.0,0.0,0.0,0.0,0.0,0.0,0.0,100.0,0.0,0.0,0.0,59680162B12689851933854
8.4,30.2,8.0,2.4,10.1,2.5,9.4,1.1,2.5,22.8,2.3,0.4,59680162B12953009585437
5.0,34.6,2.9,0.0,7.9,15.4,0.7,4.7,4.9,8.3,15.4,0.2,59680162B13073760931893
7.2,20.1,5.2,4.3,13.2,3.6,7.1,12.7,5.2,12.0,8.1,1.4,59680162B13157392837231
0.0,0.0,0.0,0.0,0.0,0.0,0.0,0.0,0.0,0.0,0.0,0.0,59680162B1338580155275
17.8,23.0,5.9,7.4,7.4,2.9,10.5,8.4,0.0,7.3,9.4,0.0,59680162B13393519160177
9.2,10.9,4.3,4.1,6.9,6.6,5.8,6.6,1.0,32.1,10.8,1.6,59680162B13498430232382
0.0,19.0,0.0,0.0,0.0,0.0,54.2,0.0,14.9,1.3,10.7,0.0,59680162B13650355505793
0.0,0.0,19.7,0.0,35.2,0.0,0.0,0.0,3.2,34.3,0.0,7.6,59680162B13670821264537
0.0,0.0,0.0,0.0,0.0,0.0,0.0,0.0,0.0,0.0,0.0,0.0,59680162B14133510851755
0.0,0.0,0.0,0.0,0.0,0.0,0.0,47.7,52.3,0.0,0.0,0.0,59680162B14261849329471
0.0,0.0,0.0,0.0,0.0,0.0,0.0,0.0,0.0,0.0,0.0,0.0,59680162B14302921886514
19.9,2.1,0.0,0.0,8.3,11.9,12.0,0.0,1.4,33.0,11.3,0.0,59680162B14319741144045
0.0,0.0,0.0,0.0,0.0,0.0,0.0,100.0,0.0,0.0,0.0,0.0,59680162B14374608149112
0.0,0.0,0.0,0.0,0.0,28.9,0.0,0.0,16.0,0.0,49.5,5.6,59680162B14396821090751
0.0,0.0,4.9,11.0,0.0,1.8,60.7,0.0,0.0,3.5,16.2,1.9,59680162B14415495238729
0.0,74.3,0.0,0.0,16.9,0.0,0.0,0.0,8.7,0.0,0.0,0.0,59680162B1443452948914
0.0,0.0,0.0,0.0,0.0,0.0,0.0,0.0,100.0,0.0,0.0,0.0,59680162B14530293305891
19.2,0.0,6.5,7.5,6.8,7.1,12.8,1.8,4.6,30.2,3.5,0.0,59680162B14541309037731
0.0,0.0,0.0,25.8,0.0,0.0,0.0,50.3,12.4,2.7,8.8,0.0,59680162B1470225488806
0.0,0.0,0.0,100.0,0.0,0.0,0.0,0.0,0.0,0.0,0.0,0.0,59680162B1513568068009
8.4,16.4,9.1,10.1,0.1,12.7,12.7,5.6,3.0,8.1,13.3,0.3,59680162B15165581574851
15.3,16.8,0.1,0.0,13.6,12.4,13.3,7.2,4.0,6.9,9.4,0.9,59680162B15311652495769
1.6,0.0,0.0,0.0,0.0,0.0,0.0,46.0,2.0,0.0,50.4,0.0,59680162B15317000449503
33.7,0.0,0.0,0.0,0.0,43.7,0.0,0.0,10.9,0.0,11.7,0.0,59680162B15406999540209
0.0,0.0,0.0,0.0,0.0,0.0,0.0,0.0,0.0,0.0,0.0,0.0,59680162B15532351721986
46.8,0.0,0.0,0.0,43.0,0.0,0.0,0.0,2.2,0.0,0.0,8.0,59680162B15951041920960
0.0,0.0,0.0,0.0,0.0,0.0,0.0,0.0,100.0,0.0,0.0,0.0,59680162B15998169506024
0.0,0.0,0.0,0.0,0.0,0.0,0.0,21.4,78.6,0.0,0.0,0.0,59680162B16294292751838
0.0,0.0,0.0,15.3,3.5,7.4,8.6,43.9,14.8,4.4,0.0,2.2,59680162B1638752109374
13.8,37.3,0.0,16.9,6.5,0.0,6.3,0.0,8.1,0.9,9.7,0.4,59680162B16574916896740
0.0,0.0,0.0,0.0,0.0,0.0,0.0,100.0,0.0,0.0,0.0,0.0,59680162B16609728895319
0.0,0.0,0.0,16.7,0.0,0.0,0.0,0.0,76.4,0.0,0.0,7.0,59680162B16701148271715
0.0,0.0,0.0,0.0,0.0,0.0,0.0,0.0,0.0,0.0,0.0,0.0,59680162B16893313163973
0.0,0.0,0.0,0.0,0.0,0.0,0.0,0.0,0.0,0.0,0.0,100.0,59680162B16963737840115
33.5,0.0,0.0,0.0,0.0,0.0,0.0,0.0,48.1,0.0,0.0,18.4,59680162B173222965225
28.7,15.8,12.9,0.0,9.4,12.7,9.0,0.0,0.5,0.0,8.1,2.8,59680162B17489209533224
0.0,0.0,0.0,0.0,0.0,0.0,49.7,0.0,32.1,0.0,0.0,18.2,59680162B17520648889441
0.0,0.0,0.0,100.0,0.0,0.0,0.0,0.0,0.0,0.0,0.0,0.0,59680162B17555212909244
0.0,0.0,0.0,0.0,0.0,0.0,0.0,0.0,0.0,0.0,0.0,0.0,59680162B17719625697929
0.0,0.0,0.0,100.0,0.0,0.0,0.0,0.0,0.0,0.0,0.0,0.0,59680162B17778966736574
0.0,0.0,0.0,0.0,0.0,0.0,0.0,0.0,0.0,0.0,0.0,0.0,59680162B17793632216798
0.0,0.0,0.0,0.0,0.0,57.7,21.2,0.0,3.9,0.0,17.1,0.0,59680162B17891920174093
0.0,0.0,0.0,0.0,0.0,0.0,0.0,0.0,0.0,0.0,0.0,0.0,59680162B18196869714953
0.0,0.0,0.0,0.0,0.0,0.0,0.0,0.0,100.0,0.0,0.0,0.0,59680162B18488232241930
0.0,0.0,0.0,0.0,0.0,0.0,0.0,0.0,0.0,0.0,0.0,0.0,59680162B18578493945657
12.9,22.3,0.5,0.0,18.4,10.2,11.9,0.0,3.1,13.0,7.7,0.0,59680162B18672795330723
0.0,0.0,0.0,0.0,0.0,0.0,0.0,0.0,0.0,0.0,0.0,0.0,59680162B18924931802221
0.0,0.0,0.0,0.0,0.0,0.0,0.0,0.0,100.0,0.0,0.0,0.0,59680162B18977545928744
11.6,26.9,8.2,0.0,14.7,1.9,0.0,9.6,4.6,13.7,6.4,2.4,59680162B18982121994254
13.8,28.5,10.8,2.1,8.2,9.7,6.3,1.2,1.5,13.4,4.5,0.0,59680162B1898458611197
0.0,0.0,0.0,0.0,23.9,0.0,19.2,0.0,56.8,0.0,0.0,0.0,59680162B18997887117478
9.5,24.7,0.7,11.5,1.3,0.0,15.9,0.0,1.0,25.0,8.8,1.7,59680162B19163785016026
43.2,0.0,0.0,0.0,0.0,0.0,0.0,0.0,0.0,0.0,0.0,56.8,59680162B19335323694639
0.0,0.0,42.9,0.0,38.1,19.0,0.0,0.0,0.0,0.0,0.0,0.0,59680162B1935816053049
0.0,41.6,10.2,6.8,0.0,0.0,12.0,2.0,1.7,23.4,0.0,2.4,59680162B19433829654146
0.0,0.0,0.0,0.0,0.0,0.0,0.0,0.0,0.0,0.0,0.0,0.0,59680162B19467626863877
17.1,22.2,5.6,3.8,3.2,18.7,3.6,0.0,4.7,11.1,9.2,0.8,59680162B19484855656708
0.0,0.0,0.0,0.0,0.0,0.0,0.0,0.0,0.0,0.0,0.0,0.0,59680162B19485775159758
8.0,16.3,3.3,5.3,7.1,10.3,17.4,0.0,2.6,25.7,3.2,0.8,59680162B19523503473687
12.9,13.8,4.9,6.1,7.2,7.6,13.1,0.0,3.0,20.5,9.5,1.3,59680162B19536521240899
0.0,0.0,0.0,0.0,0.0,0.0,0.0,100.0,0.0,0.0,0.0,0.0,59680162B19549725656045
18.2,18.1,7.9,3.2,13.1,19.1,1.2,0.0,2.1,10.9,6.2,0.0,59680162B19874744513454
10.0,23.3,5.3,7.1,6.8,5.6,10.0,1.0,2.3,24.6,2.8,1.1,59680162B20002653395444
15.1,14.2,3.3,0.0,11.1,10.4,5.4,16.9,5.3,13.4,3.1,1.9,59680162B20020413332718
13.6,28.9,9.3,6.8,1.8,0.5,5.9,1.5,4.1,27.2,0.5,0.0,59680162B20086286793745
0.0,0.0,0.0,0.0,0.0,0.0,0.0,0.0,0.0,0.0,0.0,0.0,59680162B2017456399117
1.6,27.3,0.0,13.5,12.4,15.4,12.1,0.0,4.4,13.1,0.0,0.3,59680162B20254719160886
0.0,72.8,0.6,0.0,0.0,10.3,0.0,6.9,0.0,0.0,0.0,9.5,59680162B20372712773645
0.0,0.0,100.0,0.0,0.0,0.0,0.0,0.0,0.0,0.0,0.0,0.0,59680162B20429116941940
5.6,29.7,0.4,0.0,8.1,5.3,15.4,0.0,3.5,16.8,14.9,0.4,59680162B20432910054227
17.8,16.1,5.2,11.6,1.5,0.0,3.1,16.5,5.6,11.1,10.4,1.1,59680162B20780696540875
8.6,12.5,8.7,8.6,4.2,11.6,8.8,3.8,3.5,23.3,6.4,0.0,59680162B21010588258079
0.0,0.0,0.0,0.0,0.0,0.0,0.0,0.0,100.0,0.0,0.0,0.0,59680162B21053239387442
0.0,0.0,0.0,0.0,0.0,0.0,0.0,20.0,80.0,0.0,0.0,0.0,59680162B21067903036313
0.0,0.0,0.0,0.0,0.0,0.0,0.0,0.0,100.0,0.0,0.0,0.0,59680162B21074533395167
0.0,0.0,100.0,0.0,0.0,0.0,0.0,0.0,0.0,0.0,0.0,0.0,59680162B21108805782195
0.0,0.0,0.0,0.0,0.0,0.0,0.0,99.9,0.1,0.0,0.0,0.0,59680162B21216344152794
0.0,0.0,0.0,100.0,0.0,0.0,0.0,0.0,0.0,0.0,0.0,0.0,59680162B21365932465956
0.0,0.0,0.0,0.0,0.0,0.0,0.0,0.0,0.0,0.0,0.0,100.0,59680162B21498960785654
21.6,38.6,0.0,7.7,0.0,0.0,3.8,3.1,11.1,3.3,10.9,0.0,59680162B21673152212894
11.9,46.2,0.4,18.4,9.3,0.0,3.3,0.0,5.7,0.0,3.8,1.0,59680162B21692666530817
0.0,0.0,0.0,0.0,0.0,0.0,0.0,0.0,0.0,0.0,0.0,0.0,59680162B21986463159939
8.6,24.8,0.0,15.5,13.4,0.0,3.6,17.5,9.7,6.0,0.0,1.0,59680162B22484757822523
0.0,0.0,7.8,0.0,0.0,0.0,0.0,0.0,92.2,0.0,0.0,0.0,59680162B22561739962750
0.0,0.0,0.0,0.0,0.0,0.0,0.0,0.0,0.0,0.0,0.0,100.0,59680162B22633527707210
0.0,0.0,0.0,100.0,0.0,0.0,0.0,0.0,0.0,0.0,0.0,0.0,59680162B2266540401620
0.0,0.0,0.0,0.0,0.0,0.0,0.0,23.0,45.6,0.0,0.0,31.4,59680162B22876202690460
0.0,0.0,0.0,0.0,0.0,0.0,0.0,0.0,0.0,0.0,0.0,0.0,59680162B2298430697284
0.0,0.0,35.3,0.0,0.0,0.0,0.0,24.1,40.5,0.0,0.0,0.0,59680162B23155718085687
0.0,0.0,0.0,0.0,0.0,0.0,0.0,0.0,30.3,0.0,0.0,69.7,59680162B23369049466603
0.0,0.0,0.0,0.0,0.0,0.0,0.0,0.0,0.0,0.0,0.0,0.0,59680162B2351853936587
0.0,0.0,0.0,0.0,0.0,0.0,0.0,0.0,100.0,0.0,0.0,0.0,59680162B23543460253472
14.2,21.3,0.0,0.6,12.3,17.7,6.4,8.8,1.2,5.5,11.8,0.0,59680162B23595872951211
0.0,0.0,0.0,0.0,0.0,0.0,0.0,100.0,0.0,0.0,0.0,0.0,59680162B23598949397905
0.0,0.0,100.0,0.0,0.0,0.0,0.0,0.0,0.0,0.0,0.0,0.0,59680162B23671729796425
0.0,0.0,0.0,0.0,0.0,0.0,0.0,0.0,0.0,0.0,0.0,0.0,59680162B23843497952419
0.0,0.0,13.7,0.0,19.3,0.0,0.8,21.5,19.3,0.0,25.4,0.0,59680162B23949108035203
9.2,15.9,4.0,1.6,0.6,0.0,0.0,36.9,3.1,19.4,9.2,0.0,59680162B23952502219543
6.6,17.3,3.6,5.5,10.5,15.1,13.6,1.1,6.4,6.6,12.8,1.0,59680162B23965546094498
14.7,0.0,54.3,5.3,25.6,0.0,0.0,0.0,0.0,0.0,0.0,0.0,59680162B23991224305955
0.0,0.0,100.0,0.0,0.0,0.0,0.0,0.0,0.0,0.0,0.0,0.0,59680162B24000905354670
5.0,28.1,1.9,2.0,2.9,15.9,4.6,4.8,4.6,23.8,6.3,0.0,59680162B24147659958725
20.1,24.4,0.7,4.2,3.2,6.6,10.2,19.9,0.8,9.3,0.0,0.7,59680162B24167581171767
22.0,23.4,4.3,1.2,4.3,22.0,10.9,1.4,3.3,6.1,1.1,0.0,59680162B24203265637376
23.6,11.0,9.5,0.0,12.5,0.0,16.3,1.4,2.5,18.2,4.2,0.8,59680162B24316958669382
0.1,23.1,6.3,0.0,20.7,3.1,15.2,18.9,12.6,0.0,0.0,0.0,59680162B24409102010221
5.7,0.0,19.2,12.9,8.8,28.8,0.0,0.0,6.3,15.7,0.0,2.5,59680162B24430291126178
0.0,0.0,0.0,0.0,0.0,36.2,4.8,0.0,51.3,0.0,0.0,7.8,59680162B24434385919413
10.0,27.1,3.8,2.2,8.4,7.7,13.6,0.0,2.9,15.5,8.7,0.2,59680162B24502748844916
20.4,29.6,5.3,3.5,5.6,9.4,12.1,0.0,2.8,6.8,2.7,1.7,59680162B24550873512487
0.0,0.0,16.8,0.0,19.9,24.2,39.1,0.0,0.0,0.0,0.0,0.0,59680162B24636018787341
17.8,10.6,2.4,9.7,12.9,4.8,10.3,1.2,4.4,19.9,5.8,0.0,59680162B24840578600877
0.0,0.0,0.0,0.0,0.0,32.1,0.0,24.1,43.8,0.0,0.0,0.0,59680162B24857715869577
15.0,0.0,0.0,0.0,0.0,40.5,0.0,0.0,0.0,0.0,44.5,0.0,59680162B25032665557199
33.0,33.8,0.0,0.0,0.6,0.0,17.7,12.7,2.2,0.0,0.0,0.0,59680162B2505789698133
0.0,0.0,0.0,0.0,0.0,0.0,0.0,0.0,0.0,0.0,0.0,100.0,59680162B2512996274201
0.0,0.0,0.0,0.0,0.0,0.0,8.9,27.6,63.5,0.0,0.0,0.0,59680162B25131261753844
0.0,0.0,0.0,0.0,91.2,0.0,0.0,0.0,0.0,0.0,0.0,8.8,59680162B25214275797379
14.1,12.9,6.8,3.3,14.4,2.2,8.7,6.6,0.0,26.9,2.6,1.7,59680162B25309364748934
0.0,0.0,27.5,10.7,0.0,0.0,0.0,0.0,1.2,57.1,0.0,3.5,59680162B25446485561557
18.2,43.8,6.2,10.0,10.6,2.3,4.7,0.0,0.0,1.2,2.9,0.0,59680162B25728635468586
20.7,19.4,3.2,19.1,0.0,2.4,7.7,0.0,3.5,20.7,0.0,3.3,59680162B25890229119009
25.0,14.1,4.9,2.6,0.0,1.3,5.6,13.1,8.3,21.1,4.0,0.0,59680162B26282391091652
12.7,0.0,5.8,13.2,17.5,2.4,4.2,27.0,1.3,6.2,8.0,1.6,59680162B26521045145337
13.5,17.4,6.8,9.3,8.4,8.2,7.3,0.0,2.4,18.0,8.5,0.3,59680162B26576505992161
0.0,0.0,16.5,6.5,0.0,0.0,0.0,0.0,44.6,22.0,0.0,10.4,59680162B26648923761656
0.0,0.0,0.0,0.0,0.0,0.0,0.0,0.0,0.0,0.0,0.0,0.0,59680162B26854390786792
0.0,0.0,0.0,57.8,38.2,0.0,0.0,0.0,3.9,0.0,0.0,0.0,59680162B26925253941931
16.2,25.4,5.4,5.1,0.0,2.6,3.4,0.0,6.8,26.7,8.5,0.0,59680162B26946733152657
0.5,7.0,0.0,11.8,15.3,0.0,0.8,0.0,5.0,31.0,25.9,2.8,59680162B27261417712833
0.0,15.7,5.3,6.2,2.1,15.7,22.6,0.0,1.8,16.9,10.7,2.9,59680162B27389948970996
14.4,2.6,0.0,2.8,4.7,8.6,20.7,12.3,4.4,10.7,16.7,2.2,59680162B27422550871896
18.0,20.0,10.6,5.0,4.7,15.1,2.3,1.3,3.2,9.4,10.3,0.0,59680162B27639129809368
0.0,0.0,0.0,0.0,0.0,0.0,92.5,0.0,0.0,0.0,0.0,7.5,59680162B27814311157346
18.9,16.8,4.2,2.4,11.8,4.3,10.4,9.7,4.6,8.8,8.2,0.0,59680162B27876975276040
3.9,0.0,0.0,0.0,0.0,0.0,0.0,0.0,84.9,0.0,0.0,11.2,59680162B27901935497545
3.3,23.3,8.7,2.0,0.0,14.8,8.7,12.2,5.9,7.6,11.4,2.2,59680162B27926848768432
7.8,9.2,24.9,6.0,3.3,0.0,5.6,16.4,2.7,14.1,8.4,1.7,59680162B28016750993437
19.1,0.0,0.0,17.3,11.2,2.6,0.0,33.0,8.8,0.0,6.0,2.0,59680162B28106531466158
0.0,0.0,0.0,0.0,0.0,0.0,0.0,0.0,100.0,0.0,0.0,0.0,59680162B28193395760126
12.8,24.1,7.1,2.4,0.0,9.5,26.7,10.0,4.1,1.0,0.0,2.3,59680162B28239494939120
0.0,0.0,0.0,0.0,0.0,0.0,0.0,0.0,76.6,0.0,23.4,0.0,59680162B2835516393243
20.3,27.8,0.0,11.7,4.9,3.1,19.0,1.8,3.1,7.6,0.3,0.4,59680162B28367664307560
17.1,6.2,8.1,2.0,13.5,4.8,14.3,1.8,1.2,12.6,18.4,0.0,59680162B2846194934808
0.0,0.0,0.0,0.0,0.0,0.0,0.0,0.0,0.0,0.0,0.0,100.0,59680162B28595276838631
0.0,0.0,0.0,0.0,0.0,0.0,0.0,0.0,0.0,0.0,0.0,100.0,59680162B28606864431003
0.0,0.0,0.0,0.0,0.0,0.0,0.0,0.0,0.0,0.0,0.0,0.0,59680162B28710912427622
0.0,0.0,0.0,0.0,0.0,0.0,0.0,0.0,100.0,0.0,0.0,0.0,59680162B28887917480980
0.0,0.0,0.0,0.0,0.0,0.0,0.0,0.0,100.0,0.0,0.0,0.0,59680162B28903777440270
0.0,0.0,0.0,58.3,0.0,0.0,0.0,0.0,19.4,0.0,0.0,22.3,59680162B2904770846082
0.0,0.0,0.0,0.0,0.0,0.0,0.0,0.0,100.0,0.0,0.0,0.0,59680162B29085579275088
10.1,28.7,6.5,1.1,0.0,12.2,12.2,7.4,4.9,8.6,7.0,1.1,59680162B29257457515537
0.0,0.0,0.0,0.0,0.0,0.0,65.7,0.0,0.0,0.0,0.0,34.3,59680162B29308605862653
0.0,0.0,0.0,0.0,0.0,0.0,0.0,0.0,0.0,0.0,0.0,0.0,59680162B29331014496737
0.0,28.3,0.0,4.9,13.9,8.2,27.5,0.0,10.9,6.3,0.0,0.0,59680162B2944873791560
0.0,0.0,0.0,0.0,0.0,0.0,0.0,0.0,0.0,0.0,0.0,0.0,59680162B29524904273451
0.0,0.0,0.0,0.0,0.0,0.0,0.0,0.0,100.0,0.0,0.0,0.0,59680162B29589714384573
10.5,16.1,6.7,5.2,5.7,12.6,8.6,0.0,3.5,7.7,21.4,2.1,59680162B2967434957315
0.0,0.0,0.0,0.0,0.0,0.0,0.0,0.0,99.8,0.0,0.0,0.2,59680162B29680565367836
0.0,0.0,0.0,0.0,0.0,0.0,40.6,0.0,59.4,0.0,0.0,0.0,59680162B29721937623471
31.7,32.7,6.7,0.0,0.0,7.9,16.9,0.0,0.6,0.0,0.7,2.8,59680162B29829764060990
9.1,13.1,4.6,0.2,0.0,0.0,25.4,26.7,0.9,10.3,7.2,2.5,59680162B29995960925404
0.0,0.0,0.0,0.0,0.0,0.0,0.0,0.0,100.0,0.0,0.0,0.0,59680162B30032590265448
0.0,4.1,16.6,19.7,15.6,0.0,12.5,12.0,16.1,0.0,0.0,3.2,59680162B30227281044650
26.4,37.3,6.1,6.0,0.0,7.4,3.7,2.1,1.8,6.5,0.0,2.7,59680162B30447030328077
0.0,0.0,0.0,0.0,0.0,0.0,0.0,0.0,100.0,0.0,0.0,0.0,59680162B30593466404451
0.0,0.0,0.0,0.0,0.0,0.0,0.0,0.0,100.0,0.0,0.0,0.0,59680162B30655337934726
0.0,0.0,0.0,0.0,0.0,0.0,0.0,0.0,0.0,0.0,0.0,100.0,59680162B30693560799830
56.0,0.0,0.0,0.0,0.0,0.0,39.1,0.0,4.9,0.0,0.0,0.0,59680162B30773772502776
0.0,0.0,0.0,52.5,0.0,0.0,0.0,0.0,0.0,0.0,0.0,47.5,59680162B30773939854921
0.0,0.0,0.0,0.0,0.0,0.0,0.0,0.0,47.8,0.0,43.9,8.3,59680162B30816727026324
8.8,33.2,3.6,0.0,4.3,7.2,12.6,22.8,3.0,0.0,4.5,0.0,59680162B30817931145163
10.2,8.1,7.6,1.9,6.0,7.1,19.3,12.7,3.6,11.0,11.5,1.2,59680162B30906229675123
0.0,0.0,0.0,0.0,0.0,0.0,0.0,0.0,0.0,0.0,0.0,0.0,59680162B31003411858547
13.7,34.8,3.5,5.1,0.8,7.8,11.7,0.0,2.9,11.7,6.2,1.6,59680162B31064170938287
7.2,18.3,0.0,5.2,5.8,14.6,7.4,31.4,5.8,0.1,2.4,1.8,59680162B31090464189446
0.0,0.0,0.0,0.0,0.0,0.0,0.0,0.0,0.0,0.0,0.0,100.0,59680162B31217574251855
0.0,0.0,0.0,0.0,0.0,0.0,0.0,0.0,0.0,0.0,0.0,100.0,59680162B31302026198632
0.0,0.0,0.0,0.0,0.0,0.0,0.0,0.0,0.0,0.0,0.0,0.0,59680162B31350853830247
8.1,19.3,4.7,5.7,4.8,9.8,17.0,3.5,2.6,22.5,1.2,0.8,59680162B31389051207927
0.0,0.0,0.0,0.0,0.0,59.3,0.0,0.0,40.7,0.0,0.0,0.0,59680162B31457176745984
0.0,0.0,0.0,0.0,0.0,0.0,0.0,0.0,0.0,0.0,0.0,0.0,59680162B31759462460359
24.3,5.0,3.0,1.2,6.3,9.1,9.5,8.9,5.3,13.6,12.6,1.2,59680162B31817043180897
13.1,13.9,1.8,0.0,21.0,15.6,0.1,16.1,2.3,9.0,7.2,0.0,59680162B31936578466171
0.0,0.0,0.0,0.0,0.0,0.0,0.0,0.0,41.8,0.0,0.0,58.2,59680162B3222658090770
0.0,0.0,0.0,0.0,41.5,0.0,0.0,53.9,0.0,0.0,4.6,0.0,59680162B32427656470349
0.0,0.0,0.0,0.0,0.0,0.0,0.0,0.0,69.5,0.0,0.0,30.5,59680162B326996000256
3.0,30.6,0.0,11.3,17.7,1.8,16.1,7.6,6.7,0.0,5.2,0.0,59680162B32850327292174
24.0,26.5,0.7,2.0,17.4,3.7,0.0,10.0,4.1,3.5,8.2,0.0,59680162B32856652540007
0.0,0.0,0.0,0.0,0.0,0.0,100.0,0.0,0.0,0.0,0.0,0.0,59680162B32871052171758
0.0,0.0,0.0,0.0,0.0,0.0,47.9,0.0,36.5,0.0,0.0,15.6,59680162B32979491305099
0.0,0.0,0.0,60.3,0.0,0.0,0.0,0.0,0.0,0.0,0.0,39.7,59680162B3302114520233
0.0,0.0,0.0,0.0,0.0,0.0,0.0,0.0,100.0,0.0,0.0,0.0,59680162B33112577829488
0.0,0.0,0.0,0.0,0.0,0.0,0.0,0.0,0.0,0.0,0.0,100.0,59680162B33139344805421
16.3,21.8,7.1,4.9,15.4,2.9,9.7,0.0,1.1,7.0,13.8,0.0,59680162B33139882700556
0.0,0.0,0.0,0.0,0.0,0.0,56.6,8.5,27.6,0.0,0.0,7.2,59680162B33186191897384
0.0,0.0,0.0,0.0,0.0,0.0,0.0,0.0,0.0,0.0,0.0,0.0,59680162B3334363185534
22.2,18.1,2.0,6.2,7.4,5.2,18.5,0.0,4.1,3.1,11.8,1.3,59680162B33448314455063
0.0,0.0,0.0,0.0,0.0,0.0,0.0,0.0,100.0,0.0,0.0,0.0,59680162B33769534671223
16.8,9.1,2.6,2.1,0.0,0.0,6.9,21.2,2.6,36.4,0.0,2.3,59680162B33775428128459
0.0,0.0,0.0,0.0,0.0,0.0,0.0,0.0,0.0,0.0,0.0,100.0,59680162B33788323646847
10.8,18.1,0.0,0.0,13.2,7.4,9.5,15.2,4.0,18.1,3.8,0.0,59680162B33993495702938
0.0,0.0,0.0,53.5,0.0,0.0,0.0,31.4,0.0,3.7,0.0,11.4,59680162B34366982763718
0.0,70.4,0.0,0.0,0.0,0.0,0.0,0.0,29.6,0.0,0.0,0.0,59680162B34682847069002
0.0,0.0,0.0,0.0,0.0,10.6,72.9,0.0,10.1,0.0,0.0,6.4,59680162B34726688570577
9.3,27.2,6.1,12.6,0.0,11.9,4.6,0.0,0.9,12.6,15.0,0.0,59680162B34961354684930
0.0,65.3,0.0,0.0,0.0,0.0,8.1,0.0,4.8,0.0,16.4,5.3,59680162B35305934518280
0.0,0.0,0.0,0.0,0.0,0.0,0.0,0.0,0.0,0.0,0.0,0.0,59680162B35426409409773
21.3,18.2,3.5,12.3,11.1,3.6,0.0,2.1,2.7,12.0,13.2,0.0,59680162B35628626888177
16.5,37.7,0.0,5.8,0.0,3.9,0.0,16.1,9.8,8.7,0.0,1.4,59680162B35636298384814
0.0,0.0,0.0,0.0,0.0,0.0,0.0,0.0,0.0,0.0,0.0,100.0,59680162B35701990596564
0.0,0.0,0.0,0.0,0.0,0.0,0.0,0.0,0.0,0.0,0.0,0.0,59680162B35912483761792
0.0,24.7,27.6,0.0,0.0,16.9,0.0,7.0,20.5,0.0,1.0,2.3,59680162B35933805912396
16.5,23.3,6.9,0.0,1.5,5.6,13.8,20.7,5.3,1.5,3.6,1.2,59680162B36028411577107
0.0,0.0,0.0,0.0,0.0,0.0,0.0,0.0,100.0,0.0,0.0,0.0,59680162B36139632039116
0.0,0.0,0.0,0.0,0.0,0.0,0.0,0.0,0.0,0.0,0.0,0.0,59680162B36149280961759
0.0,0.0,0.0,0.0,37.5,0.0,0.0,0.0,62.5,0.0,0.0,0.0,59680162B36304665045822
0.0,0.0,0.0,0.0,0.0,0.0,0.0,0.0,43.2,0.0,46.1,10.7,59680162B36423706884187
0.0,0.0,0.0,0.0,0.0,0.0,0.0,84.6,0.0,0.0,0.0,15.4,59680162B36558878931890
0.0,0.0,0.0,0.0,0.0,0.0,0.0,71.5,0.0,0.0,0.0,28.5,59680162B36658267128816
0.0,0.0,0.0,0.0,0.0,0.0,0.0,0.0,0.0,0.0,0.0,100.0,59680162B36804655757784
0.0,0.3,9.0,27.4,13.3,0.0,12.4,0.0,0.0,35.0,0.0,2.6,59680162B36976404849364
23.5,22.7,5.0,10.3,4.5,0.0,5.5,0.0,1.4,17.5,8.2,1.5,59680162B37059166930142
24.7,33.6,0.0,0.0,29.9,0.0,0.0,3.3,0.0,0.0,8.5,0.0,59680162B37281482686762
0.0,0.0,0.0,0.0,0.0,0.0,0.0,0.0,0.0,0.0,0.0,100.0,59680162B37327775180775
6.8,13.0,15.5,10.9,0.0,23.3,7.0,2.6,3.5,12.8,3.7,1.0,59680162B37340403082689
5.3,21.4,4.5,6.2,4.4,11.5,11.4,0.0,4.4,28.5,2.4,0.0,59680162B37513478805829
0.0,0.0,0.0,0.0,0.0,0.0,0.0,0.0,100.0,0.0,0.0,0.0,59680162B37931278966472
0.0,0.0,27.5,7.9,28.8,0.0,0.0,0.0,15.0,0.0,16.2,4.6,59680162B38183120701356
0.0,0.0,0.0,0.0,0.0,0.0,0.0,0.0,0.0,0.0,0.0,0.0,59680162B38204256572023
0.0,0.0,0.0,100.0,0.0,0.0,0.0,0.0,0.0,0.0,0.0,0.0,59680162B38335311272259
0.0,0.0,0.0,0.0,0.0,0.0,0.0,0.0,0.0,0.0,0.0,0.0,59680162B38390932765307
9.4,18.2,5.9,6.0,10.9,2.2,7.0,13.4,3.1,19.3,4.0,0.5,59680162B38485988708032
0.0,0.0,0.0,0.0,0.0,0.0,0.0,0.0,0.0,0.0,0.0,0.0,59680162B38736391522213
64.9,0.0,0.0,0.0,0.0,1.7,2.3,0.0,0.0,0.0,31.1,0.0,59680162B39308677673484
10.6,8.8,8.5,2.2,16.8,14.3,7.2,0.0,1.7,28.0,0.0,2.0,59680162B3936014826761
0.0,0.0,0.0,0.0,0.0,0.0,0.0,0.0,0.0,0.0,0.0,100.0,59680162B39513276000218
11.5,37.0,6.0,2.0,10.4,7.4,12.9,0.0,6.5,0.0,6.2,0.0,59680162B39799007570945
14.1,33.1,3.3,7.3,1.7,1.8,6.2,9.9,3.4,12.3,6.8,0.0,59680162B40051654285197
0.0,41.5,6.7,19.8,0.0,0.0,0.0,12.7,12.7,6.6,0.0,0.0,59680162B40329870656537
0.0,32.5,5.4,27.4,0.0,15.9,16.0,0.0,0.0,0.0,0.7,2.1,59680162B40491222708573
18.5,12.9,3.5,5.2,9.5,0.0,19.0,2.2,1.7,23.8,3.8,0.0,59680162B4050907661224
0.0,0.0,1.5,21.1,43.3,34.0,0.0,0.0,0.0,0.0,0.0,0.0,59680162B40988548898234
0.0,0.0,0.0,100.0,0.0,0.0,0.0,0.0,0.0,0.0,0.0,0.0,59680162B41031546236215
19.5,26.1,7.5,1.3,12.5,2.7,9.6,0.0,2.4,11.9,6.5,0.0,59680162B41078826165134
0.0,0.0,0.0,0.0,0.0,0.0,0.0,0.0,0.0,0.0,0.0,0.0,59680162B4108100426512
12.9,26.1,6.1,0.0,3.9,0.0,0.0,16.0,1.5,22.2,11.4,0.0,59680162B41297071563530
18.3,23.4,2.5,6.9,16.9,14.9,5.5,0.0,3.7,5.0,2.9,0.0,59680162B41357004175190
14.2,37.0,7.5,12.2,0.0,5.5,9.9,2.1,2.5,4.9,0.0,4.0,59680162B41420170912929
19.8,16.5,4.6,3.0,7.3,0.0,2.4,0.0,5.0,21.2,20.1,0.0,59680162B41504820717654
0.0,0.0,0.0,24.5,0.0,0.0,0.0,22.3,7.5,38.4,0.0,7.3,59680162B41605859942250
0.0,0.0,0.0,0.0,0.0,0.0,0.0,0.0,49.2,0.0,0.0,50.8,59680162B42022523568798
0.0,0.0,0.0,0.0,0.0,0.0,0.0,0.0,0.0,0.0,0.0,0.0,59680162B42065071303183
14.2,23.0,0.0,8.2,5.0,14.9,10.7,0.0,0.0,17.8,6.1,0.1,59680162B42162352171568
18.8,0.0,0.0,0.0,0.0,6.3,74.9,0.0,0.0,0.0,0.0,0.0,59680162B42207826884677
0.0,0.0,0.0,0.0,0.0,0.0,0.0,0.0,0.0,0.0,0.0,0.0,59680162B42338651294858
5.5,15.1,1.0,7.5,6.7,2.9,18.8,0.0,1.8,17.9,21.5,1.3,59680162B42687104490462
0.0,0.0,0.0,0.0,0.0,0.0,0.0,100.0,0.0,0.0,0.0,0.0,59680162B43108992465432
18.9,23.9,0.0,4.2,8.8,10.5,7.8,9.2,0.0,11.8,4.9,0.0,59680162B43215766185997
0.0,0.0,0.0,0.0,0.0,0.0,0.0,0.0,0.0,0.0,0.0,0.0,59680162B43339423021624
19.2,15.1,1.4,0.0,1.0,3.9,19.5,0.0,7.4,14.7,15.6,2.0,59680162B43366957039329
10.4,20.1,5.2,0.6,5.2,13.9,4.6,16.7,2.9,7.2,13.1,0.0,59680162B43497988326934
39.4,0.0,20.1,0.0,2.5,0.0,28.2,0.0,0.0,0.0,9.7,0.0,59680162B43531883815254
17.4,27.0,0.0,2.8,13.9,4.1,22.7,0.0,3.6,2.9,5.4,0.1,59680162B43558777101724
26.9,7.0,5.8,11.7,15.4,2.9,13.8,5.3,2.4,7.0,1.8,0.0,59680162B43637132059207
7.9,16.3,4.0,5.7,12.0,13.2,6.8,1.0,1.6,18.8,10.8,1.9,59680162B43671986122418
0.0,16.4,0.0,0.0,42.2,0.0,41.4,0.0,0.0,0.0,0.0,0.0,59680162B43697273286299
0.0,0.0,0.0,0.0,0.0,0.0,0.0,100.0,0.0,0.0,0.0,0.0,59680162B43824241108050
0.0,0.0,0.0,24.9,0.0,28.1,0.0,0.0,0.0,0.0,26.5,20.6,59680162B43870676483034
22.2,16.7,0.0,9.3,0.0,0.0,28.7,3.4,13.5,0.0,0.0,6.2,59680162B44112457363104
3.7,41.6,0.0,0.0,3.4,0.0,5.3,2.8,8.6,31.5,0.0,3.2,59680162B44120553871969
0.0,47.9,0.0,0.0,0.0,0.0,0.0,8.3,0.0,0.0,43.8,0.0,59680162B44141715713069
0.0,0.0,0.0,0.0,0.0,56.3,0.0,0.0,43.7,0.0,0.0,0.0,59680162B44242102017414
0.0,0.0,0.0,0.0,0.0,0.0,0.0,0.0,0.0,0.0,0.0,100.0,59680162B44253410475450
0.0,0.0,0.0,0.0,0.0,0.0,0.0,0.0,100.0,0.0,0.0,0.0,59680162B44584437839531
2.5,21.1,7.6,7.4,8.5,0.9,26.7,0.0,3.3,10.6,11.6,0.0,59680162B44599338364171
0.0,0.0,0.0,0.0,0.0,0.0,67.0,0.0,0.0,0.0,0.0,33.0,59680162B44643250914735
8.5,7.8,0.0,9.0,31.4,9.8,24.8,5.3,0.0,0.0,0.0,3.3,59680162B44675208679717
22.4,0.0,6.0,1.1,14.4,0.0,11.8,32.3,2.1,2.0,6.0,1.9,59680162B44758551949173
0.0,0.0,12.4,0.0,0.0,0.0,0.0,0.0,0.0,0.0,0.0,87.6,59680162B44850901768514
0.0,0.0,12.4,0.0,0.0,0.0,0.0,0.0,49.9,0.0,31.1,6.6,59680162B45171834970391
19.4,22.4,0.0,8.7,11.4,10.5,0.0,1.6,3.8,12.0,10.4,0.0,59680162B45442733436767
2.2,36.2,5.1,1.4,16.4,11.0,3.0,14.0,2.6,6.5,0.8,0.8,59680162B45761287530482
0.0,0.0,0.0,0.0,0.0,0.0,0.0,100.0,0.0,0.0,0.0,0.0,59680162B45761990386675
14.8,20.2,0.3,5.2,12.5,5.6,5.6,13.1,5.7,9.3,6.5,1.2,59680162B46130456424051
0.0,0.0,0.0,0.0,0.0,0.0,0.0,0.0,0.0,0.0,0.0,0.0,59680162B46174350236230
0.0,0.0,0.0,0.0,0.0,0.0,0.0,0.0,100.0,0.0,0.0,0.0,59680162B46179290363212
0.0,0.0,0.0,0.0,0.0,0.0,0.0,73.6,26.4,0.0,0.0,0.0,59680162B46182656305392
0.0,0.0,42.0,0.0,0.0,4.1,0.0,47.9,6.0,0.0,0.0,0.0,59680162B46226733150895
0.0,0.0,0.0,0.0,0.0,0.0,0.0,0.0,0.0,0.0,0.0,0.0,59680162B46296414727789
16.0,41.6,0.0,6.6,12.3,6.6,8.7,1.4,3.2,0.0,2.3,1.2,59680162B46313771844948
0.0,0.0,8.5,0.0,0.0,0.0,31.4,36.5,1.6,13.5,8.5,0.0,59680162B46396512293260
15.5,24.0,6.8,7.4,8.8,5.0,11.5,1.2,0.0,8.2,11.0,0.5,59680162B46455483877403
0.0,0.0,0.0,0.0,0.0,0.0,0.0,0.0,100.0,0.0,0.0,0.0,59680162B46550202368720
21.2,32.5,2.6,0.0,2.7,5.0,4.0,0.0,2.3,13.8,16.0,0.0,59680162B46553103488347
0.0,0.0,0.0,0.0,0.0,0.0,0.0,0.0,0.0,0.0,0.0,0.0,59680162B4656907626813
19.3,27.4,3.2,1.8,0.0,14.0,24.1,0.0,0.4,8.6,0.2,1.1,59680162B46612932493253
0.0,0.0,0.0,0.0,0.0,0.0,0.0,0.0,0.0,0.0,0.0,100.0,59680162B46774046834533
34.0,0.0,5.9,0.0,0.0,24.6,0.0,0.0,35.5,0.0,0.0,0.0,59680162B46802984315739
9.7,6.3,0.0,13.9,13.3,12.4,6.2,0.0,4.8,33.5,0.0,0.0,59680162B46902450612836
0.0,0.0,0.0,0.0,0.0,0.0,0.0,0.0,100.0,0.0,0.0,0.0,59680162B46910461063287
7.2,28.4,0.0,8.2,26.8,1.4,16.5,1.7,3.2,1.7,3.5,1.4,59680162B46976557303871
0.0,0.0,22.0,0.0,0.0,0.0,19.0,7.1,0.0,0.0,50.2,1.7,59680162B47044873054392
12.5,0.0,20.7,0.0,0.0,0.0,0.0,30.4,0.0,0.0,0.0,36.4,59680162B47068494760958
0.0,0.0,0.0,0.0,0.0,0.0,0.0,0.0,0.0,0.0,0.0,0.0,59680162B47259322211203
18.6,25.7,3.7,0.0,0.0,4.0,6.3,4.5,2.0,23.5,9.3,2.5,59680162B47339407576735
0.0,0.0,0.0,0.0,0.0,0.0,0.0,0.0,0.0,0.0,0.0,100.0,59680162B4745386112936
0.0,34.2,1.2,4.1,14.2,6.5,2.7,7.0,4.8,18.6,5.2,1.6,59680162B47761767082139
12.5,45.8,3.4,7.0,0.0,10.4,0.4,0.0,1.7,18.0,0.0,0.9,59680162B47779539071975
0.0,0.0,0.0,0.0,0.0,0.0,0.0,0.0,0.0,0.0,0.0,100.0,59680162B47841916602322
0.0,0.0,100.0,0.0,0.0,0.0,0.0,0.0,0.0,0.0,0.0,0.0,59680162B47985033068277
0.8,19.0,4.6,8.4,5.7,13.5,17.9,0.0,1.6,14.2,14.2,0.0,59680162B48034518845808
0.0,0.0,0.0,0.0,0.0,0.0,0.0,94.7,0.0,0.0,0.0,5.3,59680162B4821538642969
0.0,0.0,0.0,0.0,0.0,0.0,0.0,0.0,80.0,0.0,0.0,20.0,59680162B48237076936000
0.0,0.0,0.0,0.0,0.0,0.0,0.0,0.0,0.0,0.0,0.0,0.0,59680162B48244867814587
6.4,12.1,0.0,12.6,10.5,0.0,0.0,0.0,0.5,53.7,0.0,4.1,59680162B48318677941344
0.0,0.0,0.0,0.0,0.0,0.0,0.0,0.0,100.0,0.0,0.0,0.0,59680162B48458945930175
0.0,0.0,0.0,2.5,69.0,0.0,0.0,17.4,0.0,0.0,0.0,11.1,59680162B48603200461333
0.0,0.0,0.0,0.0,0.0,0.0,0.0,0.0,100.0,0.0,0.0,0.0,59680162B48615386953659
23.4,5.4,5.0,0.0,6.2,22.8,0.5,10.9,1.6,18.3,4.6,1.2,59680162B48786148420785
17.7,0.0,19.6,0.0,1.0,39.0,8.5,0.0,4.7,0.0,0.0,9.5,59680162B49050440888294
0.0,0.0,0.0,0.0,0.0,0.0,0.0,0.0,0.0,100.0,0.0,0.0,59680162B49213136576829
0.0,0.0,0.0,100.0,0.0,0.0,0.0,0.0,0.0,0.0,0.0,0.0,59680162B49286325204061
0.0,0.0,73.3,0.0,0.0,0.0,0.0,0.0,26.7,0.0,0.0,0.0,59680162B49362321791702
14.0,15.6,9.3,1.4,0.0,0.6,0.0,33.2,4.5,8.4,10.8,2.3,59680162B49393703134220
0.0,0.0,31.7,0.0,0.0,0.0,0.0,54.4,13.9,0.0,0.0,0.0,59680162B49614598703533
29.1,0.0,4.9,0.0,15.9,16.1,0.0,0.0,0.0,0.0,34.0,0.0,59680162B49809531314946
19.1,28.6,7.8,0.0,5.3,0.0,10.2,1.4,2.8,11.1,13.0,0.5,59680162B50176982462081
21.5,22.1,0.0,13.7,0.8,3.8,8.4,0.0,8.6,6.6,14.5,0.0,59680162B50201894093674
0.0,0.0,0.0,100.0,0.0,0.0,0.0,0.0,0.0,0.0,0.0,0.0,59680162B50359341822283
0.0,0.0,0.0,0.0,0.0,0.0,0.0,0.0,100.0,0.0,0.0,0.0,59680162B50421987640425
0.0,19.9,6.1,13.7,0.0,0.0,10.1,0.0,1.4,31.8,15.9,1.1,59680162B50452180674611
0.0,0.0,0.0,0.0,0.0,0.0,0.0,0.0,0.0,0.0,0.0,0.0,59680162B50576086706147
0.0,0.0,0.0,0.0,0.0,0.0,0.0,0.0,12.1,0.0,0.0,87.9,59680162B50724647943907
0.0,0.0,0.0,0.0,0.0,0.0,0.0,0.0,0.0,0.0,0.0,100.0,59680162B50771081897552
0.0,0.0,0.0,53.3,0.0,0.0,0.0,17.0,14.8,0.0,0.0,15.0,59680162B50777093344409
19.9,0.0,0.0,0.0,0.0,63.0,0.0,0.0,6.1,0.0,0.0,10.9,59680162B50827827535662
0.0,0.0,0.0,0.0,0.0,0.0,0.0,0.0,100.0,0.0,0.0,0.0,59680162B51019344443676
0.0,0.0,0.0,0.0,0.0,16.2,0.0,0.0,83.8,0.0,0.0,0.0,59680162B51317919954642
0.0,0.0,0.0,0.0,0.0,0.0,0.0,0.0,0.0,0.0,0.0,0.0,59680162B51331479839153
23.0,14.6,0.1,0.4,17.7,4.6,6.4,0.0,0.0,18.8,12.3,2.1,59680162B51390103580898
15.7,20.7,3.5,5.0,6.5,7.2,6.4,0.0,2.2,27.1,4.6,1.0,59680162B51512347513243
0.0,44.9,3.2,4.8,5.8,21.6,0.0,0.0,2.0,3.0,13.3,1.3,59680162B51570410917379
0.0,0.0,0.0,0.0,0.0,0.0,0.0,0.0,100.0,0.0,0.0,0.0,59680162B51611927546147
0.0,0.0,0.0,0.0,0.0,0.0,0.0,0.0,0.0,0.0,0.0,0.0,59680162B51712615582520
14.5,26.9,7.3,5.3,4.1,8.0,10.1,0.0,6.4,16.5,0.9,0.0,59680162B51925471610757
23.3,12.5,19.6,0.0,4.6,12.0,2.9,0.0,0.2,7.7,14.8,2.4,59680162B5199404243189
7.8,28.7,4.9,5.8,10.5,10.6,12.0,0.0,3.8,5.0,9.6,1.4,59680162B52281011363885
9.4,25.5,0.0,4.4,0.0,0.0,11.9,0.0,7.1,28.8,10.5,2.5,59680162B52609098277437
6.3,25.0,5.9,7.5,8.3,5.1,7.3,4.3,3.5,16.6,10.2,0.0,59680162B52658055469559
0.0,0.0,0.0,0.0,0.0,0.0,0.0,0.0,100.0,0.0,0.0,0.0,59680162B52775693188226
0.0,0.0,0.0,0.0,0.0,0.0,0.0,0.0,0.0,0.0,0.0,0.0,59680162B53064832422435
3.9,0.0,29.1,6.3,0.0,0.0,20.1,40.6,0.0,0.0,0.0,0.0,59680162B53080807091718
0.0,0.0,0.0,0.0,0.0,0.0,0.0,0.0,0.0,0.0,0.0,0.0,59680162B53104406185271
0.0,0.0,0.0,0.0,0.0,0.0,0.0,0.0,0.0,0.0,0.0,0.0,59680162B53120698145103
15.4,28.9,5.4,2.1,0.0,5.4,3.1,1.2,2.7,23.6,10.3,1.9,59680162B53174064204838
16.8,19.4,6.7,8.9,5.1,14.5,2.7,0.0,2.4,17.7,5.3,0.5,59680162B53208862785263
9.0,34.2,1.3,6.7,9.7,9.4,15.6,0.0,3.4,0.4,10.2,0.1,59680162B53228015633193
0.0,0.0,0.0,0.0,0.0,0.0,0.0,0.0,100.0,0.0,0.0,0.0,59680162B53329994117155
0.0,0.0,100.0,0.0,0.0,0.0,0.0,0.0,0.0,0.0,0.0,0.0,59680162B53652676960042
0.0,0.0,0.0,0.0,0.0,0.0,0.0,0.0,0.0,0.0,0.0,0.0,59680162B537197556674
0.0,0.0,0.0,0.0,0.0,0.0,0.0,100.0,0.0,0.0,0.0,0.0,59680162B53764009147535
18.9,22.1,0.0,18.0,9.4,9.2,8.9,1.5,4.8,4.6,2.6,0.0,59680162B53803782710688
23.1,23.8,3.7,5.4,0.2,14.9,16.2,0.0,5.2,7.3,0.0,0.2,59680162B54095353953704
10.7,31.9,9.1,3.6,0.6,5.2,8.9,10.4,4.7,1.9,10.6,2.3,59680162B54185205976265
0.0,0.0,0.0,0.0,0.0,0.0,0.0,0.0,100.0,0.0,0.0,0.0,59680162B54275853767873
0.0,0.0,0.0,0.0,0.0,0.0,0.0,0.0,0.0,0.0,0.0,0.0,59680162B54301811333050
0.0,0.0,0.0,0.0,0.0,0.0,0.0,0.0,0.0,0.0,0.0,0.0,59680162B54313559089261
0.0,0.0,0.0,0.0,0.0,0.0,0.0,0.0,0.0,0.0,0.0,100.0,59680162B54356159238049
5.0,12.0,3.4,6.7,10.1,0.0,14.4,0.0,0.1,32.2,14.8,1.3,59680162B54666922464494
0.0,0.0,0.0,28.6,0.0,0.0,0.0,0.0,0.0,0.0,0.0,71.4,59680162B54887547034560
0.0,0.0,0.0,47.4,0.0,0.0,0.0,0.0,52.6,0.0,0.0,0.0,59680162B54897023187709
0.0,0.0,0.0,0.0,0.0,0.0,0.0,0.0,35.7,0.0,0.0,64.3,59680162B54973397451304
13.1,26.2,6.0,4.2,6.5,8.5,9.9,0.0,3.4,16.5,3.9,1.7,59680162B54988677972163
20.2,13.4,5.7,7.0,3.5,17.4,2.9,6.5,7.3,3.1,11.5,1.5,59680162B55022918372626
0.0,21.9,4.9,0.0,0.0,10.2,10.3,15.0,6.4,9.6,15.3,6.4,59680162B55124041708975
9.7,30.2,9.4,8.4,7.3,6.1,16.7,0.0,5.1,1.4,3.8,1.8,59680162B55239717258244
0.0,0.0,12.1,0.0,0.0,0.0,0.0,0.0,11.3,0.0,65.1,11.5,59680162B5525087107293
0.0,0.0,0.0,0.0,0.0,0.0,0.0,0.0,0.0,0.0,0.0,0.0,59680162B5540117047510
21.0,21.6,0.0,1.6,14.5,12.4,6.7,0.0,4.4,10.1,5.6,2.1,59680162B55504856664882
0.0,0.0,0.0,100.0,0.0,0.0,0.0,0.0,0.0,0.0,0.0,0.0,59680162B55690925628014
15.6,9.8,0.0,14.6,12.0,6.3,0.0,0.0,0.7,33.7,5.5,1.8,59680162B5579026585541
0.0,0.0,0.0,59.7,0.0,0.0,0.0,0.0,40.3,0.0,0.0,0.0,59680162B55799213409467
13.0,26.3,0.2,4.3,0.9,23.0,2.7,15.2,4.6,8.9,0.3,0.4,59680162B56106136996502
0.0,0.0,0.0,0.0,0.0,0.0,0.0,26.8,48.6,24.5,0.0,0.0,59680162B56433787774877
14.2,11.8,8.4,6.8,19.1,4.7,13.3,0.0,1.0,16.5,2.8,1.4,59680162B56562801938729
12.8,26.6,7.0,0.0,14.6,8.9,17.5,0.0,0.6,12.0,0.0,0.0,59680162B56865757670534
0.0,0.0,0.0,0.0,0.0,0.0,0.0,0.0,0.0,0.0,0.0,100.0,59680162B56866992006033
0.0,0.0,0.0,0.0,0.0,0.0,0.0,0.0,100.0,0.0,0.0,0.0,59680162B56887411771488
0.0,0.0,0.0,0.0,0.0,0.0,0.0,0.0,0.0,0.0,0.0,0.0,59680162B5704166644463
13.9,26.8,4.3,1.5,12.1,7.2,10.2,0.0,3.4,9.0,11.6,0.0,59680162B57364751970918
16.9,14.0,5.2,9.1,7.0,1.6,8.1,20.1,3.9,5.4,8.6,0.0,59680162B57621312639176
0.0,0.0,0.0,0.0,0.0,0.0,0.0,0.0,0.0,0.0,0.0,0.0,59680162B5781056238943
0.0,0.0,0.0,0.0,0.0,11.0,0.0,77.4,11.7,0.0,0.0,0.0,59680162B58427071840888
0.0,0.0,0.0,0.0,0.0,0.0,0.0,62.3,0.0,0.0,0.0,37.7,59680162B58622494857171
5.9,17.7,0.0,0.0,7.4,14.2,10.5,1.5,4.3,30.2,8.3,0.0,59680162B58679994750141
0.0,0.0,0.0,0.0,0.0,0.0,0.0,100.0,0.0,0.0,0.0,0.0,59680162B58812788921078
0.0,0.0,0.0,0.0,0.0,0.0,0.0,66.8,32.9,0.0,0.0,0.3,59680162B58958286313368
0.0,0.0,0.0,0.5,0.0,0.0,0.0,0.0,0.0,0.0,0.0,99.5,59680162B59054541310664
12.9,26.7,4.4,2.9,6.6,8.6,12.0,3.3,0.6,22.0,0.0,0.0,59680162B59256397716169
0.0,0.0,0.0,0.0,0.0,0.0,0.0,0.0,100.0,0.0,0.0,0.0,59680162B59329233871626
0.0,0.0,0.0,0.0,0.0,0.0,0.0,0.0,0.0,0.0,0.0,0.0,59680162B59497895637604
0.0,0.0,39.2,0.0,0.0,0.0,0.0,44.3,6.6,0.0,10.0,0.0,59680162B59525703418999
20.5,16.9,0.0,11.4,12.7,0.0,0.0,1.9,6.4,0.0,27.0,3.2,59680162B5954014037791
0.0,0.0,0.0,0.0,0.0,0.0,0.0,0.0,0.0,0.0,0.0,100.0,59680162B59567965419701
0.0,0.0,0.0,0.0,0.0,0.0,0.0,0.0,68.9,0.0,0.0,31.1,59680162B59717618896779
0.0,0.0,0.0,0.0,0.0,0.0,0.0,100.0,0.0,0.0,0.0,0.0,59680162B59739898555342
0.0,0.0,0.0,0.0,0.0,0.0,0.0,0.0,0.0,0.0,0.0,0.0,59680162B5974853059370
15.3,20.6,0.4,6.7,5.1,0.2,2.1,0.0,6.0,39.2,4.4,0.0,59680162B59976260592487
0.0,0.0,0.0,0.0,0.0,75.6,0.0,0.0,17.3,0.0,0.0,7.1,59680162B60046857326615
0.0,0.0,0.0,0.0,0.0,0.0,0.0,0.0,0.0,0.0,0.0,0.0,59680162B6009908161486
0.0,0.0,0.0,0.0,0.0,0.0,0.0,75.8,6.7,0.0,0.0,17.5,59680162B60219664923389
5.1,24.7,4.8,6.0,8.0,7.8,4.1,1.1,4.3,19.5,12.5,2.0,59680162B60349541451220
10.7,30.0,4.2,12.1,2.9,7.8,11.8,1.2,0.8,6.9,9.9,1.7,59680162B60516342630503
9.2,27.9,8.3,6.6,13.4,0.6,0.0,1.7,3.0,7.9,18.4,2.8,59680162B60568566930973
25.1,13.2,0.0,6.1,12.0,0.0,6.8,5.5,7.6,15.9,6.3,1.4,59680162B60638866528984
8.4,30.4,7.4,6.2,7.0,4.9,12.5,0.0,1.8,14.4,6.0,1.1,59680162B60875368726655
0.4,25.0,7.9,11.4,11.5,6.1,7.5,20.4,6.4,0.0,3.6,0.0,59680162B6096372749080
13.6,13.0,6.2,2.0,10.6,0.0,6.6,12.2,6.1,22.2,7.0,0.6,59680162B61002782115608
14.5,24.0,4.2,2.9,5.0,5.5,6.5,11.5,6.1,19.8,0.0,0.0,59680162B61092998371306
0.0,0.0,0.0,0.0,0.0,0.0,0.0,0.0,33.9,0.0,66.1,0.0,59680162B61116944198945
15.5,23.8,2.8,1.6,7.9,0.0,7.6,12.2,2.5,23.7,1.9,0.5,59680162B61170702756328
0.0,0.0,0.0,0.0,0.0,0.0,0.0,0.0,0.0,0.0,88.5,11.5,59680162B61270202433812
0.0,0.0,0.0,0.0,0.0,0.0,0.0,0.0,0.0,100.0,0.0,0.0,59680162B61434523060701
0.0,0.0,0.0,0.0,0.0,0.0,0.0,100.0,0.0,0.0,0.0,0.0,59680162B61451583552190
8.7,20.3,2.6,10.6,5.7,13.7,9.2,1.3,1.6,19.6,6.8,0.0,59680162B61567493958965
22.4,18.2,7.2,7.8,8.5,6.9,13.4,0.0,3.0,12.7,0.0,0.0,59680162B61760155439631
0.0,0.0,0.0,0.0,0.0,0.0,0.0,0.0,0.0,0.0,0.0,0.0,59680162B61774592523326
0.0,0.0,12.5,0.0,0.0,7.2,9.7,10.5,0.0,52.8,0.0,7.3,59680162B61995403132351
0.0,0.0,0.0,0.0,0.0,0.0,0.0,0.0,0.0,0.0,0.0,100.0,59680162B6205124943279
0.0,0.0,0.0,14.1,0.0,34.5,6.3,0.0,0.0,0.0,41.3,3.8,59680162B62255786160615
29.4,0.0,10.5,10.0,25.5,5.4,16.3,0.0,2.9,0.0,0.0,0.0,59680162B62313947241233
7.6,29.1,7.5,2.0,1.6,8.0,14.4,0.0,2.9,21.2,5.7,0.0,59680162B62360966111253
19.2,35.8,3.4,0.4,5.0,3.2,8.1,0.0,2.3,15.3,6.8,0.5,59680162B62375507242594
0.0,0.0,0.0,0.0,0.0,0.0,0.0,0.0,0.0,0.0,0.0,0.0,59680162B62394297156991
0.0,0.0,0.0,0.0,0.0,0.0,0.0,0.0,0.0,0.0,0.0,0.0,59680162B62922932811240
0.0,0.0,0.0,0.0,0.0,0.0,0.0,0.0,80.5,0.0,0.0,19.5,59680162B6299894636493
0.0,59.8,11.7,0.0,9.5,12.8,1.7,4.5,0.0,0.0,0.0,0.0,59680162B63010488329613
0.0,0.0,0.0,0.0,0.0,0.0,0.0,0.0,0.0,0.0,0.0,0.0,59680162B63088628372837
0.0,0.0,0.0,0.0,0.0,0.0,0.0,0.0,71.3,0.0,0.0,28.7,59680162B63156374952276
0.0,0.0,0.0,0.0,40.6,19.7,7.1,13.4,0.0,0.0,0.0,19.1,59680162B6318880418470
7.2,19.0,0.0,2.9,11.4,10.5,6.6,0.0,3.8,26.3,11.2,1.1,59680162B63355484795141
17.0,8.2,4.6,6.9,18.5,10.3,13.0,0.0,6.0,0.0,14.8,0.7,59680162B63361885953813
10.2,33.3,7.9,3.8,12.0,0.0,16.6,1.9,2.3,0.0,10.8,1.1,59680162B63392407575553
20.7,17.1,5.0,10.5,9.3,7.9,11.2,0.0,0.9,8.4,8.9,0.0,59680162B63511927639310
6.3,27.7,0.0,0.0,9.3,11.3,20.2,0.0,0.0,16.8,7.4,1.2,59680162B63684780260143
0.0,0.0,0.0,0.0,0.0,40.8,0.0,59.2,0.0,0.0,0.0,0.0,59680162B63804955714699
7.2,31.5,4.6,10.6,2.1,8.3,0.0,0.0,5.1,10.3,18.1,2.1,59680162B63960569375521
0.0,0.0,6.7,7.2,37.8,0.0,0.0,0.0,8.6,0.0,32.4,7.3,59680162B64027612781435
0.0,0.0,0.0,0.0,0.0,39.7,0.0,37.7,22.5,0.0,0.0,0.0,59680162B64112154685735
19.8,11.9,3.7,15.8,1.2,13.5,9.3,8.4,14.5,0.0,0.0,1.8,59680162B64183111122385
0.0,0.0,51.2,0.0,37.4,0.0,4.0,0.0,7.4,0.0,0.0,0.0,59680162B6425058524044
0.0,0.0,0.0,0.0,0.0,0.0,0.0,0.0,0.0,0.0,0.0,0.0,59680162B64506251287847
20.2,18.5,1.2,0.9,4.7,5.9,10.7,0.0,2.3,24.3,11.4,0.0,59680162B64610537243626
19.0,16.9,5.8,4.6,14.0,2.3,8.1,0.0,3.5,22.8,0.6,2.5,59680162B64636531363939
19.9,0.0,2.7,26.3,7.4,0.0,24.8,0.0,1.8,16.4,0.0,0.8,59680162B64690225464412
24.1,14.3,6.9,8.0,0.0,5.8,4.8,9.1,5.0,0.0,20.8,1.3,59680162B64727590098747
0.0,0.0,0.0,0.0,0.0,0.0,0.0,0.0,0.0,0.0,0.0,0.0,59680162B64770944232121
0.0,0.0,0.0,0.0,0.0,0.0,0.0,0.0,100.0,0.0,0.0,0.0,59680162B64829234996535
15.2,38.2,2.5,0.0,11.0,4.6,0.0,9.3,3.8,12.5,1.1,1.8,59680162B65118596491840
0.0,0.0,0.0,0.0,0.0,0.0,0.0,0.0,74.5,0.0,0.0,25.5,59680162B65190975434062
17.5,9.7,3.9,4.3,9.0,11.3,5.5,6.8,4.6,16.6,10.9,0.0,59680162B65219804693248
12.0,3.6,4.5,15.1,6.9,0.0,21.4,11.8,0.0,21.0,3.0,0.6,59680162B65662189989638
19.4,10.6,5.1,2.2,8.3,5.6,7.9,13.0,7.2,10.6,8.9,1.2,59680162B6607126567740
0.0,0.0,0.0,0.0,0.0,0.0,0.0,0.0,0.0,0.0,0.0,100.0,59680162B66079212084305
9.8,28.6,5.4,1.9,4.7,0.0,23.5,4.6,3.8,17.1,0.0,0.5,59680162B66353567053476
0.0,0.0,0.0,0.0,0.0,0.0,0.0,0.0,18.7,46.0,0.0,35.3,59680162B66461609617276
13.2,33.8,0.0,4.7,0.0,7.6,6.3,9.4,7.2,4.0,13.7,0.0,59680162B66628176907248
13.1,25.6,5.0,5.6,5.8,12.7,10.1,0.0,0.6,13.4,7.5,0.5,59680162B66631777088899
0.0,12.0,36.5,0.0,22.0,0.0,0.0,9.5,8.3,10.6,0.0,1.1,59680162B66680936539808
0.0,0.0,0.0,0.0,0.0,0.0,0.0,0.0,0.0,0.0,0.0,0.0,59680162B66692684641238
15.6,0.0,2.9,11.9,2.0,9.8,7.6,13.8,10.3,2.0,22.2,2.1,59680162B67238968218645
0.0,0.0,18.3,0.0,0.0,0.0,32.9,46.0,0.0,0.0,0.0,2.8,59680162B67606782034303
0.0,0.0,0.0,0.0,0.0,0.0,0.0,0.0,22.3,0.0,0.0,77.7,59680162B67610911656226
13.8,15.9,4.9,4.1,3.5,0.0,8.1,6.3,5.7,26.1,11.6,0.0,59680162B67680561366569
0.0,0.0,0.0,0.0,0.0,0.0,0.0,76.1,23.9,0.0,0.0,0.0,59680162B67711641000031
0.0,100.0,0.0,0.0,0.0,0.0,0.0,0.0,0.0,0.0,0.0,0.0,59680162B67809263123643
0.0,0.0,0.0,0.0,0.0,0.0,0.0,0.0,69.0,0.0,0.0,31.0,59680162B6783963116345
0.0,0.0,0.0,0.0,0.0,0.0,0.0,0.0,0.0,0.0,0.0,0.0,59680162B68024378624756
9.9,17.1,18.1,9.8,5.9,10.1,9.0,1.7,8.4,2.7,7.2,0.0,59680162B68131021355449
0.0,0.0,0.0,0.0,0.0,0.0,0.0,0.0,19.8,70.3,0.0,9.9,59680162B68133263226567
0.0,0.0,0.0,2.6,0.0,0.0,0.0,41.9,28.6,0.0,26.8,0.0,59680162B68239008143557
0.0,0.0,0.0,0.0,0.0,0.0,0.0,0.0,100.0,0.0,0.0,0.0,59680162B68325668602500
0.0,0.0,0.0,0.0,0.0,0.0,0.0,0.0,100.0,0.0,0.0,0.0,59680162B68379866165825
26.7,4.8,6.2,28.2,0.0,7.1,3.1,0.0,4.1,13.2,4.6,2.0,59680162B68799842423101
0.0,0.0,0.0,0.0,48.0,0.0,2.4,13.4,12.5,0.0,23.7,0.0,59680162B69095881694103
0.0,0.0,0.0,71.0,0.0,0.0,0.0,0.0,0.0,0.0,0.0,29.0,59680162B69298252864907
0.0,0.0,0.0,0.0,0.0,0.0,0.0,0.0,0.0,0.0,100.0,0.0,59680162B6932812925911
0.0,0.0,0.0,0.0,15.0,0.0,0.0,0.0,68.4,0.0,0.0,16.6,59680162B69595078054024
0.0,0.0,0.0,0.0,0.0,0.0,0.0,0.0,0.0,0.0,0.0,100.0,59680162B69679397491551
46.6,0.0,4.3,0.0,0.0,16.9,23.7,0.0,8.4,0.0,0.0,0.0,59680162B69752440983216
16.1,13.4,11.4,0.0,0.4,2.7,12.1,1.5,6.9,20.8,11.9,2.7,59680162B69796164397605
0.0,0.0,0.0,0.0,0.0,0.0,0.0,0.0,19.4,0.0,80.6,0.0,59680162B69944768623609
11.4,8.1,3.3,2.3,9.2,6.4,11.7,10.0,5.2,30.7,1.9,0.0,59680162B70118559758614
0.0,0.0,4.8,0.0,0.0,50.6,0.0,0.0,0.0,3.4,41.2,0.0,59680162B70265669805684
0.0,0.0,0.0,0.0,0.0,0.0,0.0,0.0,0.0,0.0,0.0,0.0,59680162B7029176012538
0.0,0.0,0.0,7.5,0.0,0.0,0.0,68.4,24.1,0.0,0.0,0.0,59680162B70509973828236
0.0,0.0,75.8,0.0,0.0,0.0,0.0,0.0,24.2,0.0,0.0,0.0,59680162B70529740290920
0.0,0.0,0.0,0.0,0.0,0.0,0.7,0.0,99.3,0.0,0.0,0.0,59680162B70631413452384
0.0,0.0,0.0,0.0,0.0,0.0,0.0,0.0,0.0,0.0,0.0,0.0,59680162B70922239420655
0.0,0.0,0.0,0.0,0.0,0.0,0.0,0.0,100.0,0.0,0.0,0.0,59680162B70948216254513
0.0,0.0,0.0,0.0,39.2,0.0,0.0,0.0,55.8,0.0,0.0,5.0,59680162B70966513794539
4.0,19.8,6.4,11.3,4.8,13.1,14.5,0.0,0.0,24.3,0.0,1.8,59680162B71065109904105
0.0,0.0,0.0,0.0,0.0,0.0,0.0,64.9,0.0,0.0,0.0,35.1,59680162B71074793306885
7.8,27.2,8.8,0.0,9.6,15.9,11.6,1.1,1.5,6.1,10.3,0.1,59680162B7149387462115
0.0,0.0,0.0,0.0,0.0,0.0,0.0,0.0,100.0,0.0,0.0,0.0,59680162B71691370147242
10.1,22.6,10.7,6.0,5.6,0.0,10.2,9.9,0.6,18.2,6.1,0.0,59680162B7192144408722
0.0,0.0,0.0,0.0,0.0,0.0,0.0,0.0,0.0,0.0,0.0,0.0,59680162B72042998542035
0.0,0.0,0.0,0.0,0.0,0.0,0.0,0.0,0.0,28.7,71.3,0.0,59680162B72061925749770
83.1,0.0,0.0,0.0,0.0,10.7,0.0,0.0,0.0,0.0,0.0,6.2,59680162B72068294191364
0.0,0.0,0.0,0.0,0.0,0.0,0.0,0.0,100.0,0.0,0.0,0.0,59680162B72404517830917
0.0,0.0,27.6,0.0,14.7,27.0,0.0,14.8,8.9,0.0,0.0,7.0,59680162B72495617993590
0.0,0.0,0.0,0.0,0.0,0.0,0.0,0.0,0.0,0.0,0.0,0.0,59680162B72514771239598
4.4,0.0,0.0,0.0,30.9,0.0,0.0,15.0,16.5,0.0,30.4,2.9,59680162B7261312330016
0.0,0.0,0.0,0.0,0.0,0.0,0.0,0.0,0.0,0.0,0.0,100.0,59680162B72641942292242
15.1,8.3,14.7,7.7,4.5,8.8,0.7,0.0,5.9,18.4,15.8,0.0,59680162B72659245241320
11.1,18.1,5.1,5.9,8.4,0.0,8.4,26.2,6.4,0.4,8.5,1.4,59680162B72688070781247
0.0,0.0,0.0,0.0,0.0,0.0,0.0,93.5,6.5,0.0,0.0,0.0,59680162B72688390978538
6.5,23.7,8.4,2.7,9.5,7.6,17.0,1.1,0.0,15.5,7.8,0.3,59680162B7272699675434
10.0,19.0,4.2,3.7,9.7,7.0,21.1,0.0,1.3,12.0,10.7,1.1,59680162B7305913438202
0.0,0.0,0.0,0.0,0.0,0.0,0.0,0.0,0.0,0.0,0.0,0.0,59680162B73078519517404
13.4,12.3,5.5,9.2,16.4,2.7,16.9,0.0,5.0,9.7,8.0,0.7,59680162B73114171000075
0.0,0.0,0.0,0.0,0.0,0.0,82.4,0.0,0.0,0.0,0.0,17.6,59680162B73238408569532
0.0,0.0,0.0,0.0,0.0,0.0,0.0,0.0,0.0,0.0,0.0,100.0,59680162B73411137510562
10.1,16.5,0.0,3.2,6.3,10.4,20.8,1.5,5.7,11.0,14.7,0.0,59680162B73440349718888
0.0,0.0,0.0,0.0,0.0,0.0,0.0,0.0,0.0,0.0,0.0,100.0,59680162B73807077480910
0.0,0.0,0.0,47.6,0.0,0.0,0.0,0.0,0.0,0.0,0.0,52.4,59680162B73824932270854
0.0,0.0,0.0,0.0,0.0,0.0,0.0,100.0,0.0,0.0,0.0,0.0,59680162B73921161942586
0.0,0.0,0.0,0.0,0.0,0.0,0.0,0.0,100.0,0.0,0.0,0.0,59680162B73952515985037
0.0,0.0,0.0,0.0,0.0,0.0,0.0,0.0,0.0,0.0,0.0,100.0,59680162B74094197759690
0.0,0.0,0.0,0.0,0.0,0.0,78.1,0.0,0.0,0.0,0.0,21.9,59680162B74099392913903
0.0,0.0,0.0,0.0,0.0,0.0,0.0,0.0,0.0,0.0,0.0,100.0,59680162B74248263036628
12.2,27.4,6.6,2.9,8.2,8.0,8.4,0.0,2.1,10.1,12.9,1.2,59680162B74336355497846
0.0,0.0,0.0,0.0,0.0,0.0,65.7,0.0,0.0,0.0,0.0,34.3,59680162B74485110483501
0.0,0.0,0.0,0.0,0.0,0.0,0.0,100.0,0.0,0.0,0.0,0.0,59680162B74748273614391
0.0,0.0,0.0,0.0,0.0,0.0,100.0,0.0,0.0,0.0,0.0,0.0,59680162B74859155842016
0.0,0.0,0.0,0.0,0.0,0.0,0.0,30.5,69.5,0.0,0.0,0.0,59680162B7486965108625
0.0,0.0,0.0,0.0,0.0,0.0,0.0,0.0,0.0,0.0,0.0,0.0,59680162B75104511306168
0.0,0.0,0.0,0.0,0.0,0.0,0.0,0.0,0.0,0.0,0.0,100.0,59680162B7511527862302
0.0,40.7,0.0,0.0,0.0,21.0,15.1,6.7,16.5,0.0,0.0,0.0,59680162B75172896497028
11.9,8.7,12.1,4.0,11.3,0.0,13.3,1.1,4.9,18.2,13.5,1.0,59680162B75348496545912
0.0,0.0,4.4,0.0,0.0,0.0,0.0,22.8,72.7,0.0,0.0,0.0,59680162B75618838886778
0.0,0.0,100.0,0.0,0.0,0.0,0.0,0.0,0.0,0.0,0.0,0.0,59680162B75725109309044
22.2,0.0,0.0,0.0,0.0,0.0,0.0,0.0,0.0,0.0,0.0,77.8,59680162B75733324884372
0.0,0.0,0.0,0.0,0.0,0.0,0.0,0.0,100.0,0.0,0.0,0.0,59680162B76063539046075
0.0,8.6,0.0,0.0,0.0,0.0,17.9,0.0,2.0,0.0,67.7,3.7,59680162B76072611977433
0.0,0.0,0.0,0.0,0.0,0.0,0.0,0.0,0.0,45.1,0.0,54.9,59680162B76130047047659
0.0,0.0,0.0,71.9,0.0,0.0,0.0,0.0,28.1,0.0,0.0,0.0,59680162B7635361694273
0.0,0.0,0.0,0.0,0.0,69.4,0.0,0.0,0.0,0.0,0.0,30.6,59680162B76413580563978
0.0,0.0,0.0,0.0,0.0,0.0,0.0,0.0,0.0,0.0,0.0,0.0,59680162B76564266679550
0.0,0.0,0.0,0.0,0.0,0.0,0.0,0.0,100.0,0.0,0.0,0.0,59680162B76636581595069
15.9,16.5,6.0,3.3,6.4,7.2,11.2,15.2,1.4,13.7,3.4,0.0,59680162B76704120420691
0.0,0.0,0.0,0.0,0.0,0.0,0.0,100.0,0.0,0.0,0.0,0.0,59680162B76876152340896
16.8,21.1,3.3,6.1,12.1,0.0,17.2,0.0,0.0,22.3,0.2,0.8,59680162B76882427234764
5.6,16.2,0.9,16.7,7.4,0.6,3.9,19.9,2.8,12.6,13.3,0.1,59680162B76884691739548
8.9,22.0,2.6,3.7,10.1,7.5,12.4,0.0,4.3,25.2,3.3,0.0,59680162B77130024076735
7.3,22.8,4.4,7.5,6.9,6.8,9.4,4.3,0.9,15.5,14.2,0.0,59680162B77220990792423
0.0,0.0,0.0,0.0,0.0,0.0,0.0,0.0,0.0,0.0,0.0,0.0,59680162B77368104900520
0.0,0.0,70.1,0.0,0.0,0.0,0.0,0.0,29.9,0.0,0.0,0.0,59680162B77398299052023
0.0,0.0,0.0,0.0,0.0,0.0,0.0,0.0,0.0,0.0,0.0,0.0,59680162B77604659700593
0.0,0.0,0.0,0.0,0.0,0.0,0.0,0.0,0.0,0.0,0.0,0.0,59680162B77807256215392
0.0,0.0,0.0,0.0,0.0,0.0,0.0,0.0,0.0,0.0,0.0,0.0,59680162B7784772599553
0.0,0.0,0.0,0.0,0.0,0.0,0.0,0.0,0.0,0.0,0.0,0.0,59680162B7861486631755
0.0,0.0,0.0,0.0,0.0,0.0,0.0,100.0,0.0,0.0,0.0,0.0,59680162B78634023582239
0.0,0.0,0.0,0.0,0.0,0.0,0.0,0.0,0.0,0.0,0.0,0.0,59680162B78639882894514
0.0,24.8,5.8,12.2,7.5,20.6,8.0,0.0,1.7,7.5,11.9,0.0,59680162B78681214723365
8.0,15.3,6.6,6.8,13.5,4.3,14.5,0.0,4.9,10.0,14.3,1.8,59680162B7876035432306
0.0,0.0,0.0,0.0,0.0,0.0,0.0,84.8,0.0,0.0,0.0,15.2,59680162B78900735102434
0.0,0.0,0.0,0.0,0.0,0.0,0.0,0.0,46.6,0.0,53.4,0.0,59680162B7891718144591
0.0,0.0,0.0,0.0,0.0,0.0,0.0,0.0,100.0,0.0,0.0,0.0,59680162B78935719106444
0.0,0.0,0.0,0.0,0.0,0.0,0.0,0.0,0.0,0.0,0.0,100.0,59680162B7938799528038
11.6,28.2,3.0,4.8,7.9,13.1,8.3,1.2,1.5,10.0,9.4,1.1,59680162B79463473975333
14.7,27.0,5.3,0.2,7.0,8.1,9.8,0.0,1.8,15.7,9.2,1.2,59680162B79502957035648
6.3,20.3,3.7,7.0,5.1,15.7,7.6,0.0,1.0,20.3,12.1,1.1,59680162B79526209894783
13.9,33.1,0.0,12.2,8.8,0.0,5.9,0.0,6.5,8.1,8.8,2.6,59680162B797578221173
0.0,0.0,0.0,0.0,0.0,0.0,0.0,0.0,0.0,0.0,0.0,0.0,59680162B79793295224635
0.0,0.0,0.0,0.0,0.0,0.0,100.0,0.0,0.0,0.0,0.0,0.0,59680162B79825109156569
34.4,0.0,0.0,0.0,0.0,24.7,39.4,0.0,0.0,0.0,1.5,0.0,59680162B79884468001879
0.0,0.0,0.0,0.0,0.0,0.0,100.0,0.0,0.0,0.0,0.0,0.0,59680162B80116312922204
15.2,14.6,10.7,7.0,1.6,3.8,8.1,9.6,4.3,17.5,6.8,0.6,59680162B80393484388201
11.7,14.7,4.6,1.2,15.0,10.0,12.9,0.0,4.9,10.5,14.4,0.0,59680162B80605638185127
0.0,0.0,0.0,0.0,12.9,0.0,0.0,0.0,87.1,0.0,0.0,0.0,59680162B80670265641804
2.0,12.4,1.3,18.8,15.7,0.0,13.0,22.8,2.3,9.7,0.0,1.9,59680162B8070211954831
11.4,0.0,21.7,0.0,0.0,4.6,20.1,0.0,0.0,0.0,37.7,4.5,59680162B80791368745463
11.2,23.8,4.0,9.1,2.8,9.7,13.5,0.0,1.3,14.6,9.9,0.0,59680162B80813578140782
0.0,0.0,0.0,0.0,0.0,0.0,0.0,36.7,32.5,0.0,0.0,30.8,59680162B80910542790982
0.0,0.0,0.0,0.0,0.0,29.7,0.0,0.0,33.7,36.5,0.0,0.0,59680162B81014786719276
0.0,0.0,0.0,0.0,0.0,0.0,0.0,0.0,0.0,0.0,0.0,100.0,59680162B81796058650879
14.4,35.0,9.5,0.0,24.7,3.8,0.0,3.0,9.6,0.0,0.0,0.0,59680162B82021418174103
0.0,0.0,0.0,0.0,0.0,0.0,0.0,0.0,56.3,0.0,0.0,43.7,59680162B82334724733824
0.0,0.0,0.0,0.0,0.0,0.0,0.0,0.0,61.7,0.0,0.0,38.3,59680162B82387239737873
19.4,0.0,15.4,7.4,19.6,13.5,8.0,0.0,1.1,14.9,0.0,0.7,59680162B8258215962885
23.6,36.6,0.0,3.8,10.7,16.2,0.0,1.4,4.5,0.0,1.3,1.7,59680162B82734256395858
0.0,0.0,0.0,0.0,0.0,0.0,100.0,0.0,0.0,0.0,0.0,0.0,59680162B82820769085578
0.0,0.0,0.0,0.0,0.0,0.0,0.0,0.0,0.0,0.0,0.0,0.0,59680162B82944797684000
12.4,7.8,8.2,6.1,0.0,14.5,19.5,0.0,5.8,10.8,12.9,2.1,59680162B82946706311025
3.0,0.5,14.9,3.7,19.4,0.0,18.9,13.6,5.8,19.5,0.6,0.2,59680162B82996162763265
0.0,0.0,0.0,0.0,0.0,0.0,0.0,0.0,0.0,0.0,0.0,100.0,59680162B83041511737206
11.5,18.9,0.0,9.3,0.0,11.4,6.7,7.0,8.5,8.2,18.4,0.1,59680162B83052310642670
12.1,19.0,6.9,8.0,2.1,14.9,12.1,0.0,2.8,16.7,3.3,2.0,59680162B83099166959131
0.0,0.0,43.4,0.0,0.0,0.0,0.0,0.0,56.6,0.0,0.0,0.0,59680162B83241100924072
0.0,0.0,19.6,9.1,0.0,0.0,0.0,60.1,10.0,0.0,0.0,1.2,59680162B83278495681126
0.0,0.0,0.0,8.6,0.0,0.0,0.0,0.0,91.4,0.0,0.0,0.0,59680162B83284995722346
19.9,12.7,3.3,0.4,0.0,14.6,2.9,2.0,6.1,28.7,8.6,0.9,59680162B83386112613514
23.3,21.5,2.6,7.4,4.8,0.8,9.4,9.7,2.7,7.9,8.6,1.5,59680162B83394095212312
0.0,0.0,0.0,0.0,0.0,0.0,0.0,0.0,0.0,0.0,0.0,100.0,59680162B83455285452940
0.0,0.0,0.0,0.0,0.0,0.0,0.0,0.0,0.0,0.0,0.0,0.0,59680162B83508950999506
25.9,0.0,0.0,23.2,22.7,10.9,10.4,0.0,0.0,0.0,0.0,6.9,59680162B83662033692716
0.0,0.0,0.0,0.0,0.0,0.0,0.0,0.0,94.1,0.0,0.0,5.9,59680162B83694422254145
0.3,24.3,1.1,0.0,27.1,5.3,19.8,2.8,7.4,0.0,7.9,4.1,59680162B83800309048446
12.6,28.7,4.9,5.4,4.3,6.2,4.0,1.3,3.4,21.1,6.9,1.2,59680162B8390528040617
9.3,38.1,0.2,8.9,12.3,5.6,1.6,12.0,0.0,0.0,12.0,0.1,59680162B83966420631158
0.0,0.0,0.0,0.0,0.0,0.0,0.0,0.0,28.8,0.0,0.0,71.2,59680162B84100135495566
0.0,0.0,0.0,5.2,90.3,0.0,0.0,0.0,4.5,0.0,0.0,0.0,59680162B84198311358077
12.2,45.7,5.0,5.4,0.0,0.0,16.1,0.0,6.3,9.2,0.0,0.0,59680162B84224544107566
0.0,32.4,3.8,2.1,0.0,0.0,21.6,0.0,1.4,15.9,19.9,3.0,59680162B84327981884458
0.0,40.5,3.2,4.0,6.0,6.4,2.8,9.4,2.6,18.3,6.9,0.0,59680162B84612216171504
40.1,0.0,0.0,16.5,0.0,0.0,7.8,33.2,0.0,2.4,0.0,0.0,59680162B84828583281462
0.0,0.0,0.0,0.0,0.0,0.0,0.0,0.0,0.0,0.0,0.0,0.0,59680162B84830000650933
0.0,0.0,0.0,0.0,61.1,0.6,0.0,9.3,0.0,0.0,29.1,0.0,59680162B85175001165051
0.0,0.0,60.0,0.0,0.0,0.0,0.0,0.0,40.0,0.0,0.0,0.0,59680162B85189896765318
0.0,36.5,0.0,0.0,30.5,0.0,0.0,19.3,0.0,0.0,13.6,0.1,59680162B85303802109421
0.0,0.0,0.0,0.0,0.0,0.0,0.0,0.0,100.0,0.0,0.0,0.0,59680162B85361781814064
9.6,25.5,1.5,9.5,11.8,4.2,13.0,1.0,2.5,14.1,6.2,1.2,59680162B85415328791745
9.8,30.2,7.0,0.0,13.6,6.4,12.5,3.9,3.8,1.9,10.1,0.9,59680162B85493721249292
19.4,22.1,5.6,3.9,1.7,9.2,5.5,15.6,8.6,0.1,7.7,0.6,59680162B85522063023223
19.1,18.6,11.5,9.8,10.1,7.7,6.6,1.2,1.0,9.8,3.3,1.3,59680162B85769693016783
0.0,0.0,0.0,0.0,0.0,0.0,0.0,0.0,0.0,0.0,0.0,0.0,59680162B86026568122675
0.0,0.0,0.0,66.5,0.0,0.0,0.0,26.2,0.0,0.0,0.0,7.4,59680162B86061563506110
13.5,17.5,0.0,4.7,6.9,0.0,5.3,28.1,4.5,13.1,5.9,0.5,59680162B86116731035265
0.0,0.0,2.1,7.1,0.0,15.5,0.0,38.3,12.1,9.0,15.8,0.0,59680162B86155479852967
21.5,25.0,0.0,0.0,2.9,20.9,0.0,19.2,0.8,9.7,0.0,0.0,59680162B86291828303656
0.0,13.5,0.0,0.0,0.0,7.9,0.0,0.0,0.0,0.0,78.6,0.0,59680162B86357482908219
15.0,35.7,0.5,0.3,6.9,9.6,10.3,0.0,1.5,13.7,6.5,0.0,59680162B86414227144381
0.0,0.0,0.0,0.0,0.0,0.0,0.0,0.0,71.1,0.0,0.0,28.9,59680162B86980115162892
0.0,0.0,0.0,0.0,0.0,0.0,0.0,0.0,0.0,0.0,0.0,0.0,59680162B87049040782715
17.0,32.3,5.7,0.0,0.1,11.6,6.7,1.5,3.8,19.7,1.0,0.5,59680162B87154562016330
0.0,0.0,0.0,0.0,0.0,0.0,0.0,7.6,18.2,0.0,65.8,8.3,59680162B87230656090923
9.5,18.9,1.7,4.1,4.8,15.1,11.4,0.0,4.0,17.2,13.3,0.0,59680162B87284296025200
9.8,29.4,4.4,7.1,5.0,12.1,0.0,0.0,2.8,10.0,18.5,1.0,59680162B87372052025364
0.0,0.0,0.0,0.0,0.0,0.0,0.0,0.0,74.3,0.0,0.0,25.7,59680162B87442417129591
12.6,26.2,0.0,0.0,5.6,6.8,9.2,12.1,1.8,9.4,16.4,0.0,59680162B87534880716336
15.4,0.0,22.7,0.0,0.0,0.0,10.9,51.0,0.0,0.0,0.0,0.0,59680162B87556890682936
20.0,8.6,0.0,11.7,21.5,5.9,11.3,9.3,0.7,0.0,8.3,2.8,59680162B87731060313783
0.0,0.0,0.0,0.0,0.0,0.0,82.9,0.0,14.5,0.0,0.0,2.6,59680162B87797979497124
15.2,22.0,4.7,1.0,2.6,9.6,2.8,6.6,2.5,27.4,5.0,0.4,59680162B87872962443621
0.0,0.0,0.0,0.0,0.0,0.0,0.0,0.0,0.0,0.0,100.0,0.0,59680162B88090020431393
13.9,17.2,7.1,0.2,3.7,9.0,5.2,1.4,2.6,30.4,8.0,1.4,59680162B88243538379460
27.5,0.0,0.0,0.0,0.0,0.0,0.0,42.5,10.3,0.0,0.0,19.8,59680162B88302028338466
6.7,25.4,5.6,0.0,12.0,11.1,15.7,0.0,0.3,12.6,9.9,0.6,59680162B88365177272018
16.0,13.0,9.0,10.7,13.1,0.0,3.1,11.9,5.7,0.0,17.4,0.1,59680162B88504568355174
0.0,0.0,0.0,0.0,0.0,0.0,0.0,0.0,0.0,0.0,0.0,100.0,59680162B88663407419721
0.0,0.0,0.0,0.0,0.0,0.0,0.0,0.0,0.0,0.0,0.0,100.0,59680162B8886032648131
9.8,19.0,10.4,3.6,11.0,0.4,9.0,0.0,6.4,26.2,1.5,2.8,59680162B88881037507986
0.0,0.0,0.0,0.0,87.3,12.7,0.0,0.0,0.0,0.0,0.0,0.0,59680162B88998270560680
0.0,60.3,0.0,0.0,21.9,7.9,0.0,0.0,5.2,0.0,4.5,0.2,59680162B89203090045374
23.3,0.0,12.1,0.0,0.0,0.0,18.2,10.4,11.5,0.0,17.4,7.1,59680162B89324456878264
0.0,0.0,0.0,5.6,0.0,0.0,0.0,0.0,34.7,0.0,59.8,0.0,59680162B89342314449475
10.6,18.9,9.9,0.0,9.7,0.0,4.7,10.7,1.5,18.0,16.0,0.0,59680162B89355923746110
0.0,0.0,0.0,0.0,0.0,0.0,0.0,0.0,48.2,0.0,42.0,9.8,59680162B89388744582495
18.1,23.8,6.9,4.9,2.9,4.3,19.7,7.3,2.7,8.7,0.0,0.7,59680162B89404589930000
0.0,0.0,0.6,0.0,33.1,30.0,36.3,0.0,0.0,0.0,0.0,0.0,59680162B89596725903657
0.0,0.0,0.0,0.0,0.0,0.0,0.0,0.0,100.0,0.0,0.0,0.0,59680162B89634889188856
0.0,0.0,0.0,0.0,0.0,0.0,0.0,0.0,0.0,0.0,0.0,100.0,59680162B89638160160445
0.0,0.0,0.0,0.0,0.0,0.0,82.1,17.9,0.0,0.0,0.0,0.0,59680162B89640587380951
0.1,56.2,9.5,8.0,0.0,6.3,17.4,0.0,2.5,0.0,0.0,0.0,59680162B89701706643364
9.9,23.6,9.7,6.7,12.3,12.4,0.1,19.7,4.2,0.0,0.0,1.3,59680162B89766877463651
12.2,26.9,9.7,1.9,6.9,9.9,3.4,0.0,0.2,22.3,5.0,1.7,59680162B89921626898623
23.7,20.8,9.1,9.0,2.6,0.0,10.9,0.0,6.6,6.0,10.9,0.5,59680162B89970230221745
4.5,41.3,6.6,1.3,0.0,5.6,10.2,8.0,2.9,11.6,8.0,0.0,59680162B90037113183568
14.3,21.5,9.3,9.3,1.6,5.6,7.2,0.0,1.9,26.0,3.4,0.0,59680162B90439441381954
0.0,0.0,44.6,0.0,0.0,0.0,0.0,0.0,55.4,0.0,0.0,0.0,59680162B90522809362613
9.4,27.3,1.0,12.2,7.5,7.6,0.0,7.7,0.3,22.3,3.3,1.3,59680162B90533313280833
0.0,0.0,0.0,0.0,2.8,97.2,0.0,0.0,0.0,0.0,0.0,0.0,59680162B90577513466378
67.0,0.0,0.0,0.0,0.0,0.0,0.0,0.0,33.0,0.0,0.0,0.0,59680162B90615098764032
16.6,16.1,0.0,0.5,6.1,6.4,9.5,13.1,2.9,19.5,9.2,0.0,59680162B90895100901083
0.0,0.0,35.6,0.0,0.0,0.0,7.3,11.8,3.1,0.0,37.8,4.4,59680162B90915593246984
1.4,40.8,0.0,15.1,1.9,2.8,24.0,0.0,0.0,3.1,10.2,0.7,59680162B90957738044815
10.9,7.7,12.0,3.2,0.0,18.0,0.0,30.7,2.0,15.5,0.0,0.0,59680162B91029831757376
0.0,0.0,0.0,0.0,0.0,0.0,0.0,0.0,0.0,0.0,0.0,0.0,59680162B9128777704300
7.5,26.2,1.7,14.5,6.3,0.0,9.8,2.4,7.5,16.4,7.6,0.0,59680162B91304502238334
0.0,0.0,0.0,0.0,6.7,0.0,0.0,74.3,18.6,0.0,0.0,0.4,59680162B9133954487337
0.0,0.0,0.0,0.0,0.0,0.0,0.0,0.0,97.9,0.0,2.1,0.0,59680162B91433810506609
16.3,46.3,4.7,1.9,0.0,14.1,0.0,0.0,2.6,13.3,0.0,0.9,59680162B91454305469147
4.3,20.8,8.3,0.0,7.4,9.4,16.4,11.0,7.5,8.8,5.8,0.2,59680162B9145923747098
8.7,28.3,3.6,5.0,14.6,3.4,3.8,0.0,6.2,15.7,10.7,0.0,59680162B91492845849591
0.0,0.0,31.8,0.0,0.0,28.0,0.0,0.0,0.0,0.0,39.2,1.0,59680162B91711719497512
0.0,0.0,0.0,0.0,0.0,0.0,0.0,0.0,0.0,0.0,0.0,100.0,59680162B91755424681987
0.0,0.0,0.0,7.1,28.2,25.7,0.0,0.0,12.7,0.0,25.2,1.1,59680162B91872344495309
0.0,0.0,0.0,0.0,0.0,0.0,0.0,0.0,100.0,0.0,0.0,0.0,59680162B91981903970684
8.3,0.0,0.0,0.0,34.6,0.0,0.0,42.8,14.2,0.0,0.0,0.0,59680162B92155854422456
0.0,0.0,0.0,100.0,0.0,0.0,0.0,0.0,0.0,0.0,0.0,0.0,59680162B92640548002056
0.0,0.0,0.0,0.0,0.0,0.0,0.0,70.9,0.0,0.0,0.0,29.1,59680162B92942987363648
4.5,10.8,3.7,0.0,2.5,0.0,43.8,8.3,26.3,0.0,0.0,0.0,59680162B92999716235821
14.4,22.1,5.1,7.5,4.5,11.6,7.0,1.1,1.8,16.3,8.5,0.0,59680162B93100308813933
0.0,0.0,61.8,0.0,0.0,0.0,0.0,0.0,38.2,0.0,0.0,0.0,59680162B93345317219884
9.9,18.0,4.8,6.1,10.9,8.6,13.7,0.0,1.5,14.5,10.7,1.2,59680162B93375949891062
0.0,0.0,0.0,0.0,0.0,0.0,0.0,0.0,100.0,0.0,0.0,0.0,59680162B93423525469915
0.0,0.0,0.0,100.0,0.0,0.0,0.0,0.0,0.0,0.0,0.0,0.0,59680162B9357675593038
0.0,0.0,67.4,0.0,0.0,0.0,0.0,0.0,32.6,0.0,0.0,0.0,59680162B93651715341205
0.0,19.8,7.8,0.0,61.9,0.0,0.0,0.0,0.0,0.0,0.0,10.5,59680162B93998087230069
0.0,0.0,0.0,0.0,0.0,0.0,100.0,0.0,0.0,0.0,0.0,0.0,59680162B94034829608504
0.0,0.0,0.0,0.0,0.0,0.0,100.0,0.0,0.0,0.0,0.0,0.0,59680162B94225169025314
0.0,0.0,49.7,0.0,0.0,0.0,0.0,0.0,0.0,0.0,0.0,50.3,59680162B94327255764727
19.6,23.5,2.2,0.0,4.2,0.4,14.6,4.7,1.8,18.7,9.0,1.3,59680162B94433697734962
0.0,38.6,20.0,0.0,0.0,17.5,0.0,0.0,0.0,0.0,13.6,10.3,59680162B94450341733030
39.0,40.0,0.0,0.0,0.0,0.0,1.1,7.9,12.0,0.0,0.0,0.0,59680162B94527775336179
0.0,0.0,22.3,0.0,0.0,47.4,0.0,19.7,3.1,0.0,6.6,0.9,59680162B94726154492089
1.1,23.3,4.6,5.9,9.8,8.6,14.9,1.4,0.8,19.0,10.1,0.6,59680162B95103667512911
0.0,19.1,1.9,8.7,3.6,1.2,12.1,16.0,9.5,22.4,3.8,1.8,59680162B95139171035149
0.0,0.0,21.8,0.0,0.0,29.2,0.0,0.0,1.9,0.0,34.8,12.4,59680162B95147302907135
20.7,3.5,11.4,14.3,0.0,16.7,15.2,4.6,6.0,0.0,0.0,7.7,59680162B95265909286240
16.7,15.7,5.2,4.7,10.1,5.2,18.7,1.4,4.8,9.2,8.3,0.1,59680162B95285688800937
0.0,0.0,100.0,0.0,0.0,0.0,0.0,0.0,0.0,0.0,0.0,0.0,59680162B95372959647234
0.0,0.0,0.0,0.0,0.0,0.0,0.0,0.0,0.0,0.0,0.0,0.0,59680162B95469939765095
28.7,0.0,0.0,0.0,0.0,0.0,0.0,44.3,12.3,14.7,0.0,0.0,59680162B95559320678868
0.0,0.0,0.0,55.5,0.0,0.0,0.0,0.0,20.5,23.8,0.0,0.2,59680162B9558481059390
0.0,0.0,0.0,0.0,0.0,0.0,0.0,0.0,0.0,0.0,0.0,100.0,59680162B95600296408215
15.3,12.2,11.2,12.5,8.7,9.4,6.2,0.0,4.6,9.3,9.9,0.6,59680162B96182902271382
100.0,0.0,0.0,0.0,0.0,0.0,0.0,0.0,0.0,0.0,0.0,0.0,59680162B96484505623852
0.0,0.0,0.0,0.0,0.0,0.0,0.0,100.0,0.0,0.0,0.0,0.0,59680162B96723309662383
0.0,0.0,0.0,0.0,0.0,0.0,0.0,0.0,0.0,0.0,0.0,0.0,59680162B96890005302109
0.0,0.0,0.0,0.0,0.0,0.0,0.0,0.0,0.0,0.0,0.0,100.0,59680162B96934818178887
19.5,4.6,0.0,0.2,0.0,14.2,10.9,2.0,6.1,24.2,14.9,3.4,59680162B96971531554224
17.8,35.0,1.1,0.0,1.2,5.8,14.2,1.1,3.5,14.9,3.3,2.2,59680162B96995039930644
0.0,0.0,0.0,0.0,0.0,0.0,0.0,0.0,100.0,0.0,0.0,0.0,59680162B97039944509950
0.0,0.0,0.0,0.0,0.0,0.0,0.0,0.0,0.0,0.0,0.0,0.0,59680162B97170897047692
0.0,17.1,6.0,0.0,9.8,48.6,9.4,6.8,2.3,0.0,0.0,0.0,59680162B97277051818349
0.0,0.0,0.0,0.0,0.0,0.0,0.0,0.0,0.0,0.0,0.0,0.0,59680162B97377368460903
0.0,0.0,0.0,0.0,0.0,0.0,0.0,0.0,100.0,0.0,0.0,0.0,59680162B97395677882832
0.0,0.0,0.0,0.0,0.0,0.0,0.0,0.0,0.0,0.0,0.0,0.0,59680162B97490121732821
20.5,14.2,8.6,0.0,4.3,8.0,9.8,1.1,2.8,15.6,14.3,0.8,59680162B97563361057366
12.3,18.6,8.3,0.0,12.1,8.6,8.6,0.0,0.0,15.2,16.3,0.1,59680162B97642938083661
0.0,0.0,0.0,0.0,0.0,0.0,0.0,0.0,0.0,0.0,0.0,0.0,59680162B97802053648263
0.0,0.0,0.0,0.0,0.0,0.0,0.0,0.0,0.0,0.0,0.0,0.0,59680162B97817900806996
14.9,24.7,4.8,5.8,8.1,8.1,8.4,0.0,0.0,9.4,14.8,1.1,59680162B97880726687240
11.6,4.3,4.8,0.0,20.9,10.3,2.0,0.0,2.7,39.9,3.6,0.0,59680162B98184498564097
34.2,0.0,8.6,10.8,0.0,0.0,3.8,10.4,9.2,20.1,2.4,0.4,59680162B98222207712503
0.0,0.0,0.0,0.0,0.0,0.0,0.0,0.0,0.0,0.0,0.0,0.0,59680162B98234428566305
0.0,0.0,0.0,49.4,0.0,0.0,34.2,0.0,7.5,0.0,0.0,8.9,59680162B98306169506823
27.4,0.0,0.0,0.0,0.0,0.0,62.5,0.0,0.0,0.0,0.0,10.2,59680162B98467355573765
8.0,29.1,10.8,8.0,1.5,4.5,10.3,1.2,3.6,7.4,15.7,0.0,59680162B98747212970025
0.0,24.7,0.0,4.8,16.2,17.1,8.5,22.8,2.0,0.0,3.8,0.0,59680162B98903295811344
0.0,0.0,0.0,0.0,0.0,0.0,0.0,0.0,100.0,0.0,0.0,0.0,59680162B9896757167153
0.0,0.0,10.3,19.0,7.6,15.0,0.0,41.8,0.0,0.0,6.3,0.0,59680162B99039921741080
0.0,0.0,9.1,0.0,0.0,0.0,0.0,0.0,90.9,0.0,0.0,0.0,59680162B99060674505372
0.0,0.0,0.0,0.0,0.0,0.0,0.0,0.0,0.0,0.0,100.0,0.0,59680162B99262810585367
0.0,35.2,49.9,0.0,0.0,0.0,0.0,0.0,9.3,0.0,0.0,5.5,59680162B99351931357354
0.0,0.0,0.0,0.0,0.0,0.0,0.0,0.0,0.0,0.0,0.0,0.0,59680162B9948554175301
0.0,0.0,0.0,0.0,0.0,0.0,0.0,27.3,72.7,0.0,0.0,0.0,59680162B9948575660850
0.0,0.0,0.0,0.0,71.0,0.0,0.0,29.0,0.0,0.0,0.0,0.0,59680162B99535636657731
0.0,0.0,16.0,19.5,7.4,10.8,33.4,0.0,0.0,0.0,12.9,0.0,59680162B99778789604362
0.0,0.0,0.0,49.4,0.0,0.0,0.0,50.6,0.0,0.0,0.0,0.0,59680162B99837769325291
0.0,0.0,0.0,0.0,0.0,0.0,0.0,0.0,0.0,0.0,0.0,0.0,59680162B99856631560735
0.0,0.0,0.0,0.0,0.0,0.0,0.0,30.5,58.8,0.0,0.0,10.7,59680162B99910214526625
