lga_id,lga,state,zone,lon,lat,area_km2
59680162B7891718144591,Eastern Obolo,Akwa Ibom,South South,7.6895,4.5237,158.8
59680162B22876202690460,Ekeremor,Bayelsa,South South,5.7116,4.949,1847.5
59680162B23543460253472,Degema,Rivers,South South,6.9004,4.5877,668.2
59680162B90577513466378,Andoni,Rivers,South South,7.3736,4.5125,343.8
59680162B58958286313368,Akpabuyo,Cross River,South South,8.531,4.9508,789.1
59680162B48458945930175,Oron,Akwa Ibom,South South,8.2358,4.8699,147.5
59680162B77398299052023,Bakassi,Cross River,South South,8.4716,4.7948,271.9
59680162B50827827535662,Calabar South,Cross River,South South,8.2944,4.9153,155.2
59680162B95559320678868,Udung Uko,Akwa Ibom,South South,8.2917,4.7402,66.4
59680162B89388744582495,Southern Ijaw,Bayelsa,South South,5.8795,4.7145,2713.7
59680162B76564266679550,Iwajowa,Oyo,South West,2.9983,7.989,2541.8
59680162B62922932811240,Ibarapa North,Oyo,South West,3.1763,7.6506,1269.5
59680162B90615098764032,Okrika,Rivers,South South,7.0722,4.6232,611.6
59680162B69679397491551,Imeko Afon,Ogun,South West,2.8455,7.609,1911.6
59680162B15406999540209,Ibeno,Akwa Ibom,South South,8.0953,4.5623,269.0
59680162B49362321791702,Nembe,Bayelsa,South South,6.2875,4.5125,842.4
59680162B44253410475450,Ilaje,Ondo,South West,4.7695,6.1863,1362.9
59680162B87797979497124,Brass,Bayelsa,South South,6.1022,4.4183,1322.6
59680162B93651715341205,Warri North,Delta,South South,5.266,5.8792,2209.0
59680162B74748273614391,Ese Odo,Ondo,South West,4.9557,6.2354,767.6
59680162B33993495702938,Jalingo,Taraba,North East,11.3405,8.9321,265.4
59680162B9558481059390,Burutu,Delta,South South,5.5558,5.215,1805.8
59680162B61760155439631,Girei,Adamawa,North East,12.4664,9.4229,1048.6
59680162B40051654285197,Yorro,Taraba,North East,11.5304,8.8804,1184.7
59680162B5954014037791,Ardo-Kola,Taraba,North East,11.1511,8.8466,2072.9
59680162B21673152212894,Yola North,Adamawa,North East,12.4521,9.2478,75.8
59680162B24147659958725,Yola South,Adamawa,North East,12.3588,9.2417,915.7
59680162B50421987640425,Mbo,Akwa Ibom,South South,8.2424,4.6545,299.2
59680162B35636298384814,Lau,Taraba,North East,11.4639,9.2035,1536.0
59680162B68133263226567,Ibarapa Central,Oyo,South West,3.2428,7.4236,436.0
59680162B29721937623471,Abeokuta North,Ogun,South West,3.1991,7.2453,792.7
59680162B83694422254145,Bonny,Rivers,South South,7.2515,4.4588,243.4
59680162B46174350236230,Warri South-West,Delta,South South,5.3481,5.5071,1286.8
59680162B21053239387442,Warri South,Delta,South South,5.5803,5.6224,547.3
59680162B59329233871626,Akuku Toru,Rivers,South South,6.6294,4.5703,1423.8
59680162B6205124943279,Isokan,Osun,South West,4.2094,7.3004,267.2
59680162B22633527707210,Irewole,Osun,South West,4.2306,7.3962,287.3
59680162B25032665557199,Essien Udim,Akwa Ibom,South South,7.6631,5.0981,300.2
59680162B70948216254513,Onna,Akwa Ibom,South South,7.8489,4.6469,128.6
59680162B44643250914735,Udenu,Enugu,South East,7.5599,6.8807,305.9
59680162B82820769085578,Ogu Bolo,Rivers,South South,7.2115,4.6175,184.9
59680162B14374608149112,Enugu South,Enugu,South East,7.516,6.4088,91.4
59680162B36804655757784,Ikot Ekpene,Akwa Ibom,South South,7.7099,5.2014,161.9
59680162B36558878931890,Nsit Ubium,Akwa Ibom,South South,7.9438,4.7575,206.5
59680162B91433810506609,Urue Offong/Oruko,Akwa Ibom,South South,8.1596,4.7306,116.9
59680162B70631413452384,Abak,Akwa Ibom,South South,7.7997,4.9888,169.5
59680162B97802053648263,Nkanu East,Enugu,South East,7.6736,6.3131,817.6
59680162B63088628372837,Igbo-Eze-South,Enugu,South East,7.365,6.949,167.3
59680162B36149280961759,Nsukka,Enugu,South East,7.3752,6.8321,587.5
59680162B30773772502776,Tai,Rivers,South South,7.2597,4.7565,164.8
59680162B27814311157346,Ife North,Osun,South West,4.4596,7.3899,436.0
59680162B94327255764727,Ayedade,Osun,South West,4.3563,7.3345,997.8
59680162B61434523060701,Ayedire,Osun,South West,4.2329,7.5615,271.4
59680162B72068294191364,Ahoada East,Rivers,South South,6.6411,5.0673,408.4
59680162B71074793306885,Iseyin,Oyo,South West,3.5983,8.0301,2307.4
59680162B74485110483501,Itesiwaju,Oyo,South West,3.3096,8.2285,1730.5
59680162B64506251287847,Kajola,Oyo,South West,3.3578,8.0144,640.6
59680162B79793295224635,Nkanu West,Enugu,South East,7.5324,6.3058,233.8
59680162B68024378624756,Afikpo North,Ebonyi,South East,7.9229,5.8726,262.2
59680162B72688070781247,Donga,Taraba,North East,10.0792,7.654,3112.3
59680162B15532351721986,Oji-River,Enugu,South East,7.3101,6.1587,454.2
59680162B5525087107293,Oyun,Kwara,North Central,4.6309,8.184,489.1
59680162B61116944198945,Ogbia,Bayelsa,South South,6.3141,4.7911,697.6
59680162B173222965225,Asari-Toru,Rivers,South South,6.8408,4.7487,218.0
59680162B78634023582239,Uyo,Akwa Ibom,South South,7.9184,5.0137,140.3
59680162B21074533395167,Ikono,Akwa Ibom,South South,7.8057,5.1699,199.4
59680162B46396512293260,Baruten,Kwara,North Central,3.4407,9.3857,8614.3
59680162B50724647943907,Lagelu,Oyo,South West,4.0818,7.5217,397.3
59680162B89596725903657,Idah,Kogi,North Central,6.7343,7.0541,132.2
59680162B29257457515537,Machina,Yobe,North East,10.0444,13.0437,1364.6
59680162B39308677673484,Ibaji,Kogi,North Central,6.7831,6.8151,1354.6
59680162B38183120701356,Municipal Area Council,FCT,North Central,7.5023,8.8877,1486.4
59680162B83662033692716,Kaiama,Kwara,North Central,4.0749,9.5201,7910.8
59680162B24502748844916,Bakura,Zamfara,North West,5.8656,12.568,1790.2
59680162B38485988708032,Nguru,Yobe,North East,10.3606,12.9815,727.7
59680162B37513478805829,Gummi,Zamfara,North West,5.1171,12.0329,2962.6
59680162B27639129809368,Ajingi,Kano,North West,9.0339,11.959,629.6
59680162B27901935497545,Port-Harcourt,Rivers,South South,7.0182,4.782,72.9
59680162B78681214723365,Augie,Kebbi,North West,4.6066,12.9014,956.1
59680162B95103667512911,Kebbe,Sokoto,North West,4.7434,11.8864,2214.6
59680162B17719625697929,Surulere,Oyo,South West,4.4113,8.0955,856.0
59680162B52609098277437,Ringim,Jigawa,North West,9.1103,12.1661,1034.2
59680162B36304665045822,Emuoha,Rivers,South South,6.7813,4.9236,783.6
59680162B86026568122675,Isi-Uzo,Enugu,South East,7.7336,6.7309,831.3
59680162B64829234996535,Yenegoa,Bayelsa,South South,6.3791,5.0645,712.2
59680162B49050440888294,Ilorin East,Kwara,North Central,4.8262,8.6093,520.7
59680162B61092998371306,Alkaleri,Bauchi,North East,10.3939,9.8675,7160.7
59680162B88302028338466,Omumma,Rivers,South South,7.2279,5.0837,197.2
59680162B7272699675434,Birnin Kudu,Jigawa,North West,9.4579,11.4843,1459.3
59680162B27926848768432,Takum,Taraba,North East,9.8072,7.0548,3120.1
59680162B32427656470349,Esan South-East,Edo,South South,6.4876,6.5778,1306.4
59680162B7861486631755,Ifedayo,Osun,South West,5.0056,7.9895,111.9
59680162B81796058650879,Ori Ire,Oyo,South West,4.0807,8.2496,2087.6
59680162B15317000449503,Ifelodun,Kwara,North Central,5.1818,8.6265,3324.5
59680162B87372052025364,Maradun,Zamfara,North West,6.3261,12.7126,2667.5
59680162B49286325204061,Aninri,Enugu,South East,7.5989,6.0541,323.9
59680162B3222658090770,Abakaliki,Ebonyi,South East,8.2492,6.2638,442.9
59680162B29829764060990,Pategi,Kwara,North Central,5.794,8.6497,3095.4
59680162B74336355497846,Biriniwa,Jigawa,North West,10.0722,12.8186,1592.1
59680162B61170702756328,Ussa,Taraba,North East,10.0597,7.1289,952.1
59680162B89701706643364,Silame,Sokoto,North West,4.8298,12.9936,743.0
59680162B89970230221745,Takai,Kano,North West,9.1506,11.4795,670.0
59680162B85175001165051,Bwari,FCT,North Central,7.4549,9.2065,1037.4
59680162B33186191897384,Edu,Kwara,North Central,5.2064,8.9353,2439.3
59680162B37059166930142,Jema'A,Kaduna,North West,8.25,9.4094,1391.9
59680162B20002653395444,Gumel,Jigawa,North West,9.4059,12.6255,239.3
59680162B68799842423101,Binji,Sokoto,North West,4.7697,13.2095,1088.6
59680162B33139882700556,Kware,Sokoto,North West,5.2939,13.1564,646.8
59680162B46976557303871,Bunza,Kebbi,North West,3.9627,12.2105,1041.1
59680162B35933805912396,Mopa-Muro,Kogi,North Central,5.9113,8.1448,778.5
59680162B91492845849591,Sokoto North,Sokoto,North West,5.2306,13.0662,19.4
59680162B51512347513243,Musawa,Katsina,North West,7.7089,12.1101,677.6
59680162B36658267128816,Ethiope West,Delta,South South,5.7776,5.9089,547.8
59680162B77807256215392,Ishielu,Ebonyi,South East,7.8382,6.4182,730.1
59680162B48034518845808,Sakaba,Kebbi,North West,5.5446,11.1762,1400.6
59680162B63511927639310,Kudan,Kaduna,North West,7.7189,11.2667,347.6
59680162B32850327292174,Kachia,Kaduna,North West,7.6886,9.8571,4598.7
59680162B48318677941344,Sabon Birni,Sokoto,North West,6.2317,13.5264,2311.4
59680162B64770944232121,Uzo-Uwani,Enugu,South East,7.186,6.6841,1035.3
59680162B63355484795141,Jaba,Kaduna,North West,8.0128,9.4727,533.8
59680162B22561739962750,Ibesikpo Asutan,Akwa Ibom,South South,7.9667,4.8956,176.7
59680162B89921626898623,Sokoto South,Sokoto,North West,5.2629,13.0351,32.1
59680162B68131021355449,Yabo,Sokoto,North West,4.9232,12.7733,837.1
59680162B27422550871896,Damboa,Borno,North East,12.7252,11.0478,4830.9
59680162B62360966111253,Matazu,Katsina,North West,7.6588,12.2381,546.5
59680162B54666922464494,Sandamu,Katsina,North West,8.4057,12.9326,340.3
59680162B19433829654146,Mashi,Katsina,North West,8.0139,13.1338,1018.0
59680162B93375949891062,Dan Musa,Katsina,North West,7.2801,12.2615,1092.1
59680162B62375507242594,Kura,Kano,North West,8.4744,11.7791,203.6
59680162B33448314455063,Lere,Kaduna,North West,8.5766,10.3677,2650.7
59680162B91454305469147,Zango,Katsina,North West,8.5484,12.9622,565.0
59680162B797578221173,Wurno,Sokoto,North West,5.4761,13.2429,669.8
59680162B43671986122418,Gudu,Sokoto,North West,4.4433,13.4597,3007.0
59680162B64636531363939,Gwiwa,Jigawa,North West,8.2923,12.7376,443.7
59680162B77130024076735,Birnin Kebbi,Kebbi,North West,4.2669,12.4906,1042.7
59680162B61567493958965,Suru,Kebbi,North West,4.1452,11.7923,1638.0
59680162B26521045145337,Numan,Adamawa,North East,11.846,9.4667,814.5
59680162B23952502219543,Biu,Borno,North East,12.061,10.8288,3185.1
59680162B16574916896740,Kaduna South,Kaduna,North West,7.4015,10.4985,46.4
59680162B86155479852967,Dikwa,Borno,North East,14.0782,11.9604,1683.2
59680162B50201894093674,Zaria,Kaduna,North West,7.6529,11.0248,429.7
59680162B5199404243189,Kalgo,Kebbi,North West,4.0467,12.3839,602.3
59680162B90957738044815,Yankwashi,Jigawa,North West,8.5605,12.7396,305.1
59680162B84224544107566,Kaura,Kaduna,North West,8.4515,9.6424,463.7
59680162B57364751970918,Lamurde,Adamawa,North East,11.7078,9.5572,1090.5
59680162B31936578466171,Monguno,Borno,North East,13.6284,12.5775,2314.2
59680162B73078519517404,Enugu East,Enugu,South East,7.5316,6.5332,372.3
59680162B65219804693248,Ngala,Borno,North East,14.1457,12.3456,2013.3
59680162B83800309048446,Gubio,Borno,North East,12.7755,12.6716,2774.9
59680162B47068494760958,Yagba East,Kogi,North Central,5.7228,8.1359,1530.6
59680162B32856652540007,Chibok,Borno,North East,12.851,10.8373,1272.6
59680162B25728635468586,Tureta,Sokoto,North West,5.495,12.519,1879.7
59680162B87534880716336,Gashaka,Taraba,North East,11.3419,7.4969,8539.3
59680162B24167581171767,Bauchi,Bauchi,North East,9.9506,10.2518,3238.4
59680162B65118596491840,Hawul,Borno,North East,12.3101,10.4613,1878.7
59680162B72404517830917,Uruan,Akwa Ibom,South South,8.0727,5.0076,308.1
59680162B66628176907248,Mayo-Belwa,Adamawa,North East,12.0233,8.9389,2384.7
59680162B11164722545286,Mubi South,Adamawa,North East,13.3206,10.1793,479.2
59680162B35912483761792,Etsako West,Edo,South South,6.2883,7.0054,902.1
59680162B1470225488806,Fune,Yobe,North East,11.428,11.8885,5667.0
59680162B87872962443621,Mobbar,Borno,North East,12.6693,13.0696,2708.9
59680162B46130456424051,Potiskum,Yobe,North East,11.1434,11.685,428.3
59680162B2846194934808,Gwoza,Borno,North East,13.5338,11.1509,3608.5
59680162B36028411577107,Guzamala,Borno,North East,13.1806,12.8584,2387.2
59680162B24409102010221,Maiha,Adamawa,North East,13.1495,9.8629,1354.8
59680162B10585943230735,Gulani,Yobe,North East,11.6424,10.9178,2381.5
59680162B60568566930973,Zing,Taraba,North East,11.739,8.8725,877.4
59680162B54897023187709,Orelope,Oyo,South West,3.7891,8.7825,1060.7
59680162B17891920174093,Nsit Ibom,Akwa Ibom,South South,7.8837,4.9044,145.5
59680162B6607126567740,Fufore,Adamawa,North East,12.7579,9.2453,5096.9
59680162B9896757167153,Mkpat Enin,Akwa Ibom,South South,7.7582,4.7123,338.5
59680162B12689851933854,Owan West,Edo,South South,5.8901,6.9343,736.4
59680162B15311652495769,Kaga,Borno,North East,12.5319,11.5986,3674.2
59680162B13157392837231,Karim Lamido,Taraba,North East,10.8619,9.1528,6132.3
59680162B26946733152657,Kukawa,Borno,North East,13.7301,13.1019,4868.4
59680162B13073760931893,Gombi,Adamawa,North East,12.4974,10.2027,2327.2
59680162B83966420631158,Guyuk,Adamawa,North East,11.9014,9.8365,768.9
59680162B84327981884458,Tudun Wada,Kano,North West,8.513,11.3077,1090.7
59680162B14133510851755,Saki West,Oyo,South West,3.2282,8.65,2072.6
59680162B46313771844948,Toungo,Adamawa,North East,11.7886,7.9328,5683.8
59680162B70529740290920,Abua/Odual,Rivers,South South,6.5665,4.8448,644.6
59680162B44112457363104,Bungudu,Zamfara,North West,6.5155,12.0113,2091.4
59680162B31817043180897,Shani,Borno,North East,11.9117,10.1994,1219.3
59680162B23595872951211,Shagari,Sokoto,North West,5.0725,12.5427,1379.0
59680162B1638752109374,Yunusari,Yobe,North East,11.7691,13.1161,3741.1
59680162B41420170912929,Ganye,Adamawa,North East,11.9876,8.4315,2108.9
59680162B17489209533224,Jada,Adamawa,North East,12.4158,8.7182,3605.6
59680162B98222207712503,Bali,Taraba,North East,10.8547,8.1192,9778.7
59680162B98903295811344,Shelleng,Adamawa,North East,12.1019,9.939,1389.4
59680162B5540117047510,Okitipupa,Ondo,South West,4.7295,6.5654,805.7
59680162B41297071563530,Bayo,Borno,North East,11.6904,10.4689,1053.2
59680162B30032590265448,Ikot Abasi,Akwa Ibom,South South,7.6218,4.6107,280.7
59680162B20780696540875,Maiduguri,Borno,North East,13.1349,11.8316,106.2
59680162B90037113183568,Gujba,Yobe,North East,11.8948,11.3422,3363.4
59680162B23598949397905,Esan North-East,Edo,South South,6.42,6.7821,347.9
59680162B48786148420785,Tafawa-Balewa,Bauchi,North East,9.5937,9.8355,2465.8
59680162B90533313280833,Nangere,Yobe,North East,11.0695,11.807,1154.1
59680162B87230656090923,Ika,Akwa Ibom,South South,7.5544,5.024,112.1
59680162B91029831757376,Dambam,Bauchi,North East,10.7647,11.6286,1185.0
59680162B89766877463651,Ganjuwa,Bauchi,North East,9.9973,10.7428,5473.8
59680162B84828583281462,Nganzai,Borno,North East,13.1294,12.4282,2132.3
59680162B31457176745984,Ahoada West,Rivers,South South,6.4961,5.0207,437.4
59680162B82996162763265,Song,Adamawa,North East,12.6212,9.829,4228.5
59680162B77604659700593,Oshimili North,Delta,South South,6.6486,6.3009,512.5
59680162B60219664923389,Gokana,Rivers,South South,7.2801,4.6349,132.9
59680162B43558777101724,Bukkuyum,Zamfara,North West,5.5967,11.9885,3774.2
59680162B76704120420691,Damaturu,Yobe,North East,12.0341,11.8538,2393.4
59680162B70118559758614,Geidam,Yobe,North East,12.1483,12.7039,3950.6
59680162B67238968218645,Tarmuwa,Yobe,North East,11.837,12.2319,4007.7
59680162B31090464189446,Madagali,Adamawa,North East,13.4996,10.7911,963.9
59680162B49393703134220,Michika,Adamawa,North East,13.3927,10.5832,827.3
59680162B22484757822523,Mubi North,Adamawa,North East,13.3495,10.3568,831.3
59680162B90522809362613,Owan East,Edo,South South,6.1056,7.0306,1246.2
59680162B84612216171504,Hong,Adamawa,North East,12.976,10.292,2603.6
59680162B98184498564097,Nassarawa,Kano,North West,8.5781,12.0084,49.0
59680162B20254719160886,Sabuwa,Katsina,North West,7.0748,11.3434,849.8
59680162B76130047047659,Ohaozara,Ebonyi,South East,7.7782,6.0108,295.8
59680162B64690225464412,Kaura Namoda,Zamfara,North West,6.5717,12.4773,917.2
59680162B60349541451220,Dutsi,Katsina,North West,8.1571,12.9167,372.5
59680162B55022918372626,Kabo,Kano,North West,8.1824,11.8912,351.6
59680162B23965546094498,Dandume,Katsina,North West,7.2215,11.4205,527.4
59680162B97642938083661,Dawakin Tofa,Kano,North West,8.361,12.1431,406.9
59680162B10012275275709,Gezawa,Kano,North West,8.7312,12.0619,380.7
59680162B56562801938729,Bodinga,Sokoto,North West,5.1755,12.8042,697.9
59680162B55239717258244,Zurmi,Zamfara,North West,6.7598,12.8571,2527.0
59680162B63361885953813,Warawa,Kano,North West,8.7933,11.9046,325.2
59680162B53228015633193,Tangaza,Sokoto,North West,4.9704,13.4792,2332.5
59680162B93100308813933,Maigatari,Jigawa,North West,9.6081,12.6997,1005.8
59680162B42687104490462,Danja,Katsina,North West,7.4792,11.4082,507.7
59680162B24316958669382,Fagge,Kano,North West,8.5166,12.033,35.5
59680162B54988677972163,Jibia,Katsina,North West,7.4683,12.9882,1070.7
59680162B65190975434062,Eleme,Rivers,South South,7.1402,4.7785,137.2
59680162B69796164397605,Bebeji,Kano,North West,8.3146,11.5381,722.9
59680162B88243538379460,Rano,Kano,North West,8.5177,11.4881,485.7
59680162B24840578600877,Tarauni,Kano,North West,8.5648,11.9605,23.1
59680162B79884468001879,Etinan,Akwa Ibom,South South,7.8446,4.8176,190.9
59680162B97490121732821,Yewa South,Ogun,South West,2.9757,6.7668,744.6
59680162B80605638185127,Argungu,Kebbi,North West,4.4627,12.6838,1048.6
59680162B20086286793745,Kiru,Kano,North West,8.0962,11.5587,944.0
59680162B37340403082689,Batagarawa,Katsina,North West,7.5314,12.8666,559.4
59680162B43870676483034,Bomadi,Delta,South South,5.8146,5.2277,208.8
59680162B43497988326934,Kwaya Kusar,Borno,North East,11.8541,10.4863,800.3
59680162B4108100426512,Igbo-Etiti,Enugu,South East,7.4263,6.6844,357.4
59680162B97563361057366,Doguwa,Kano,North West,8.6672,10.8762,1407.3
59680162B86291828303656,Bade,Yobe,North East,10.6547,12.7884,1128.1
59680162B41031546236215,Itu,Akwa Ibom,South South,7.998,5.1381,196.5
59680162B41357004175190,Bama,Borno,North East,14.0273,11.5105,3927.1
59680162B52281011363885,Gada,Sokoto,North West,5.7119,13.6855,1423.0
59680162B80813578140782,Gusau,Zamfara,North West,7.0087,12.2532,2040.5
59680162B78639882894514,Lagos Mainland,Lagos,South West,3.3842,6.4987,20.3
59680162B53208862785263,Kaita,Katsina,North West,7.7941,13.1845,778.8
59680162B51390103580898,Minjibir,Kano,North West,8.6142,12.1936,388.2
59680162B87442417129591,Ini,Akwa Ibom,South South,7.7507,5.4027,425.1
59680162B53803782710688,Talata Mafara,Zamfara,North West,6.0816,12.3976,1546.0
59680162B64610537243626,Gwandu,Kebbi,North West,4.6215,12.4774,1016.8
59680162B42162352171568,Birnin Magaji-Kiyaw,Zamfara,North West,6.8684,12.4707,1241.9
59680162B7876035432306,Shanono,Kano,North West,7.9264,12.0972,459.5
59680162B53174064204838,Rogo,Kano,North West,7.8534,11.509,806.5
59680162B85415328791745,Batsari,Katsina,North West,7.2669,12.8369,1108.4
59680162B97039944509950,Eket,Akwa Ibom,South South,7.9471,4.6347,190.0
59680162B18997887117478,Okobo,Akwa Ibom,South South,8.1503,4.8191,306.0
59680162B28367664307560,Kano Municipal,Kano,North West,8.5268,11.9837,15.0
59680162B10627743467335,Bursari,Yobe,North East,11.4876,12.6853,3662.8
59680162B34961354684930,Maiyama,Kebbi,North West,4.2973,12.009,1277.8
59680162B72688390978538,Lagos Island,Lagos,South West,3.3977,6.45,5.1
59680162B5579026585541,Madobi,Kano,North West,8.3406,11.8148,272.1
59680162B14319741144045,Miga,Jigawa,North West,9.6973,12.2328,549.7
59680162B87154562016330,Rimi,Katsina,North West,7.7137,12.8898,466.4
59680162B83052310642670,Gabasawa,Kano,North West,8.8566,12.1346,597.4
59680162B45442733436767,Aleiro,Kebbi,North West,4.4475,12.3175,270.8
59680162B36976404849364,Ungogo,Kano,North West,8.4426,12.0423,216.0
59680162B21010588258079,Tambuwal,Sokoto,North West,4.9441,12.3943,1855.0
59680162B13498430232382,Jega,Kebbi,North West,4.4656,12.104,1030.2
59680162B91304502238334,Katsina,Katsina,North West,7.6272,13.0178,134.9
59680162B24430291126178,Dawakin Kudu,Kano,North West,8.7042,11.7921,425.8
59680162B65662189989638,Arewa Dandi,Kebbi,North West,4.0244,12.6832,4206.4
59680162B44584437839531,Etim Ekpo,Akwa Ibom,South South,7.5637,4.9576,200.0
59680162B46612932493253,Albasu,Kano,North West,9.0404,11.646,504.5
59680162B30227281044650,Marte,Borno,North East,13.8678,12.4483,2111.2
59680162B97880726687240,Kumbotso,Kano,North West,8.5191,11.9164,187.8
59680162B26576505992161,Kazaure,Jigawa,North West,8.4354,12.6699,403.4
59680162B59256397716169,Malumfashi,Katsina,North West,7.7518,11.8606,895.6
59680162B18977545928744,Udi,Enugu,South East,7.3838,6.446,662.0
59680162B76882427234764,Dutse,Jigawa,North West,9.2587,11.8141,1095.0
59680162B43366957039329,Gwaram,Jigawa,North West,10.0687,11.2037,1903.8
59680162B76884691739548,Zangon Kataf,Kaduna,North West,8.2584,9.897,2595.4
59680162B95265909286240,Kiyawa,Jigawa,North West,9.521,11.8,1014.4
59680162B26282391091652,Zaki,Bauchi,North East,10.2377,12.1964,2054.9
59680162B46802984315739,Opobo/Nkoro,Rivers,South South,7.4937,4.5309,100.2
59680162B33775428128459,Shira,Bauchi,North East,10.0542,11.4601,1311.1
59680162B55124041708975,Dass,Bauchi,North East,9.4739,10.0076,683.8
59680162B72641942292242,Enugu North,Enugu,South East,7.4837,6.4484,59.6
59680162B86414227144381,Buji,Jigawa,North West,9.729,11.5461,611.2
59680162B24434385919413,Ukanafun,Akwa Ibom,South South,7.5894,4.9021,247.1
59680162B6425058524044,Agaie,Niger,North Central,6.4267,8.9475,2037.5
59680162B58679994750141,Bagwai,Kano,North West,8.1204,12.1071,428.5
59680162B79502957035648,Kajuru,Kaduna,North West,7.7754,10.2551,2244.1
59680162B69752440983216,Katcha,Niger,North Central,6.2208,9.091,1682.1
59680162B10083289652159,Kafur,Katsina,North West,7.688,11.6245,986.5
59680162B4050907661224,Wasagu-Danko,Kebbi,North West,5.7405,11.3975,4042.6
59680162B96484505623852,Bida,Niger,North Central,5.9574,9.0355,700.1
59680162B60638866528984,Kirfi,Bauchi,North East,10.5191,10.4516,2078.9
59680162B35628626888177,Dandi,Kebbi,North West,3.7977,11.8514,1940.7
59680162B25890229119009,Bagudu,Kebbi,North West,3.8311,11.3173,5612.1
59680162B8390528040617,Kankara,Katsina,North West,7.3615,11.9694,1268.2
59680162B90895100901083,Itas/Gadau,Bauchi,North East,10.0553,11.8854,1632.3
59680162B5781056238943,Apapa,Lagos,South West,3.376,6.4387,37.5
59680162B42065071303183,Ondo East,Ondo,South West,4.959,7.0549,319.8
59680162B82946706311025,Warji,Bauchi,North East,9.7604,11.1424,606.6
59680162B44758551949173,Katagum,Bauchi,North East,10.3487,11.6549,1404.0
59680162B59976260592487,Mani,Katsina,North West,7.9332,12.9074,675.0
59680162B60875368726655,Sanga,Kaduna,North West,8.4594,9.2459,1831.9
59680162B11671066128606,Bogoro,Bauchi,North East,9.6218,9.6389,839.2
59680162B28106531466158,Fika,Yobe,North East,11.2524,11.346,2870.3
59680162B82387239737873,Kuje,FCT,North Central,7.2311,8.67,1900.2
59680162B44120553871969,Sule Tankarkar,Jigawa,North West,9.1749,12.6248,1276.6
59680162B74859155842016,Ibadan North East,Oyo,South West,3.9188,7.3778,18.6
59680162B3936014826761,Bindawa,Katsina,North West,7.8794,12.7082,502.3
59680162B63804955714699,Ilorin South,Kwara,North Central,4.6716,8.4806,287.3
59680162B43637132059207,Gamawa,Bauchi,North East,10.6135,12.0196,2875.4
59680162B31389051207927,Kafin Hausa,Jigawa,North West,9.9825,12.1573,1471.5
59680162B74094197759690,Ado Odo/Ota,Ogun,South West,3.0857,6.6282,858.4
59680162B51570410917379,Garko,Kano,North West,8.8369,11.5648,481.2
59680162B90439441381954,Kubau,Kaduna,North West,8.3609,10.8127,2378.9
59680162B18982121994254,Wukari,Taraba,North East,9.721,7.9518,4296.9
59680162B96182902271382,Gwarzo,Kano,North West,7.9836,11.9009,455.7
59680162B52775693188226,Oyigbo,Rivers,South South,7.3254,4.8316,281.3
59680162B30773939854921,Ughelli South,Delta,South South,5.9184,5.3489,796.2
59680162B55504856664882,Fakai,Kebbi,North West,4.8224,11.5375,1923.6
59680162B31064170938287,Kaugama,Jigawa,North West,9.7467,12.5577,834.8
59680162B14396821090751,Esan Central,Edo,South South,6.2075,6.7065,251.7
59680162B20432910054227,Goronyo,Sokoto,North West,5.7569,13.3458,2025.7
59680162B5704166644463,Ibarapa East,Oyo,South West,3.4804,7.5949,758.3
59680162B29680565367836,Ikpoba-Okha,Edo,South South,5.658,6.185,813.4
59680162B11400589438827,Awgu,Enugu,South East,7.4526,6.1526,423.9
59680162B59717618896779,Olorunsogo,Oyo,South West,4.0433,8.7376,1644.5
59680162B92155854422456,Kabba/Bunu,Kogi,North Central,6.1411,8.0723,2671.6
59680162B85522063023223,Ningi,Bauchi,North East,9.205,11.0258,4973.6
59680162B29995960925404,Kurmi,Taraba,North East,10.6997,7.258,4515.3
59680162B75348496545912,Bakori,Katsina,North West,7.4066,11.6793,740.7
59680162B33769534671223,Nsit Atai,Akwa Ibom,South South,8.0283,4.8266,150.3
59680162B50176982462081,Kankia,Katsina,North West,7.7951,12.4304,727.4
59680162B30447030328077,Gagarawa,Jigawa,North West,9.5193,12.4835,572.4
59680162B9145923747098,Giade,Bauchi,North East,10.2346,11.4166,786.8
59680162B67610911656226,Iguegben,Edo,South South,6.2476,6.5099,377.2
59680162B82334724733824,Akure North,Ondo,South West,5.3162,7.2547,643.5
59680162B16294292751838,Khana,Rivers,South South,7.4387,4.6987,526.7
59680162B34726688570577,Oruk Anam,Akwa Ibom,South South,7.6949,4.8242,541.4
59680162B30906229675123,Misau,Bauchi,North East,10.4634,11.3859,994.7
59680162B30593466404451,Kolokuma/Opokuma,Bayelsa,South South,6.2449,5.0645,358.5
59680162B44599338364171,Karaye,Kano,North West,7.9792,11.7592,422.9
59680162B84100135495566,Sagbama,Bayelsa,South South,6.124,5.0964,958.5
59680162B71065109904105,Garki,Jigawa,North West,9.0678,12.4315,1394.4
59680162B73440349718888,Mai'Adua,Katsina,North West,8.2291,13.152,637.5
59680162B95600296408215,Ezza North,Ebonyi,South East,7.9842,6.2637,382.7
59680162B80393484388201,Ibi,Taraba,North East,9.9328,8.3951,2681.7
59680162B69944768623609,Omala,Kogi,North Central,7.5657,7.7778,1566.7
59680162B60046857326615,Ile Oluji/Okeigbo,Ondo,South West,4.8883,7.2389,894.0
59680162B19484855656708,Baure,Katsina,North West,8.7831,12.7986,888.2
59680162B60516342630503,Dutsin Ma,Katsina,North West,7.527,12.4094,677.8
59680162B15998169506024,Uhunmwonde,Edo,South South,5.8901,6.5021,2094.4
59680162B96971531554224,Taura,Jigawa,North West,9.3627,12.2723,703.8
59680162B70966513794539,Ughelli North,Delta,South South,6.0135,5.482,770.9
59680162B17520648889441,Orhionmwon,Edo,South South,5.9484,6.0884,2400.6
59680162B47761767082139,Soba,Kaduna,North West,8.0306,10.9563,2053.2
59680162B67680561366569,Karasuwa,Yobe,North East,10.6738,12.9871,1329.5
59680162B72514771239598,Ondo West,Ondo,South West,4.7362,6.974,814.5
59680162B51019344443676,Ika South,Delta,South South,6.1432,6.1914,416.7
59680162B43824241108050,Oye,Ekiti,South West,5.3456,7.9073,583.1
59680162B73114171000075,Bichi,Kano,North West,8.2972,12.2851,725.9
59680162B82021418174103,Kwali,FCT,North Central,6.9582,8.7307,1248.9
59680162B62394297156991,Oyo West,Oyo,South West,3.823,7.9565,508.5
59680162B88881037507986,Kusada,Katsina,North West,7.9501,12.4572,440.4
59680162B41504820717654,Roni,Jigawa,North West,8.3692,12.5564,330.9
59680162B15165581574851,Toro,Bauchi,North East,9.3122,10.3496,6746.8
59680162B21108805782195,Akure South,Ondo,South West,5.2144,7.1844,262.0
59680162B83099166959131,Igabi,Kaduna,North West,7.5263,10.7424,3241.5
59680162B23991224305955,Okene,Kogi,North Central,6.2309,7.524,110.9
59680162B59497895637604,Onitsha South,Anambra,South East,6.7738,6.1413,8.3
59680162B61995403132351,Agatu,Benue,North Central,7.9266,7.8564,1072.3
59680162B56865757670534,Dala,Kano,North West,8.4902,12.0302,14.0
59680162B63960569375521,Anka,Zamfara,North West,6.0234,11.9714,2597.4
59680162B46902450612836,Tofa,Kano,North West,8.3416,12.0253,210.0
59680162B27261417712833,Ingawa,Katsina,North West,8.1115,12.6145,707.8
59680162B58427071840888,Uvwie,Delta,South South,5.7827,5.5744,84.3
59680162B2298430697284,Idanre,Ondo,South West,5.2542,6.976,1954.2
59680162B68325668602500,Okpe,Delta,South South,5.7538,5.6994,437.5
59680162B97377368460903,Anambra West,Anambra,South East,6.7747,6.3883,592.8
59680162B75104511306168,Mushin,Lagos,South West,3.352,6.5365,17.1
59680162B49213136576829,Shagamu,Ogun,South West,3.5763,6.7882,552.5
59680162B11436342937739,Biase,Cross River,South South,8.0936,5.5396,1281.0
59680162B19536521240899,Gaya,Kano,North West,9.0216,11.8197,590.4
59680162B50452180674611,Charanchi,Katsina,North West,7.671,12.5605,535.6
59680162B80670265641804,Etsako Central,Edo,South South,6.5108,6.9767,713.5
59680162B8258215962885,Darazo,Bauchi,North East,10.6219,11.1108,3050.5
59680162B15951041920960,Ijumu,Kogi,North Central,5.8991,7.8477,1312.9
59680162B70509973828236,Irepodun,Kwara,North Central,4.8497,8.1963,760.8
59680162B66692684641238,Egbeda,Oyo,South West,4.0325,7.3888,219.7
59680162B2512996274201,Akoko South East,Ondo,South West,5.9051,7.4271,226.4
59680162B51925471610757,Faskari,Katsina,North West,7.0993,11.7138,1546.8
59680162B77220990792423,Makarfi,Kaduna,North West,7.9476,11.3304,545.1
59680162B80910542790982,Udu,Delta,South South,5.8151,5.4848,153.5
59680162B46455483877403,Bunkure,Kano,North West,8.5475,11.669,494.3
59680162B95285688800937,Funtua,Katsina,North West,7.3536,11.4265,386.1
59680162B98747212970025,Dambatta,Kano,North West,8.5965,12.4285,788.7
59680162B40329870656537,Jakusko,Yobe,North East,10.9817,12.433,3415.9
59680162B24203265637376,Gwale,Kano,North West,8.4762,11.9759,36.3
59680162B12953009585437,Babura,Jigawa,North West,8.8274,12.6049,1029.2
59680162B63156374952276,Sapele,Delta,South South,5.6342,5.8729,575.8
59680162B56433787774877,Ika North East,Delta,South South,6.3204,6.2356,480.6
59680162B1513568068009,Surulere,Lagos,South West,3.3442,6.4903,20.3
59680162B19163785016026,Garun Malam,Kano,North West,8.4011,11.6585,199.8
59680162B40988548898234,Offa,Kwara,North Central,4.6923,8.1711,73.3
59680162B68379866165825,Shomolu,Lagos,South West,3.3829,6.5441,10.4
59680162B1898458611197,Makoda,Kano,North West,8.4298,12.4281,407.9
59680162B46553103488347,Rimin Gado,Kano,North West,8.3317,11.9252,264.3
59680162B61002782115608,Yusufari,Yobe,North East,10.5083,13.1629,4446.5
59680162B66680936539808,Bassa,Kogi,North Central,6.9566,7.7379,1967.5
59680162B13393519160177,Jahun,Jigawa,North West,9.5585,12.0641,1212.1
59680162B7192144408722,Kurfi,Katsina,North West,7.4615,12.6885,589.8
59680162B89634889188856,Esan West,Edo,South South,6.1392,6.656,514.3
59680162B72659245241320,Kaduna North,Kaduna,North West,7.4526,10.5528,70.5
59680162B94433697734962,Daura,Katsina,North West,8.274,12.9805,218.7
59680162B86116731035265,Gassol,Taraba,North East,10.5702,8.4894,5331.0
59680162B19523503473687,Auyo,Jigawa,North West,9.9216,12.332,388.7
59680162B14541309037731,Wudil,Kano,North West,8.8354,11.763,275.9
59680162B12574760496394,Ikara,Kaduna,North West,8.1614,11.3123,1043.9
59680162B99856631560735,Ifedore,Ondo,South West,5.1174,7.3603,385.8
59680162B89203090045374,Lavun,Niger,North Central,5.6179,9.4677,3704.1
59680162B96995039930644,Dange Shuni,Sokoto,North West,5.4238,12.8163,1132.8
59680162B21216344152794,Yewa North,Ogun,South West,2.9435,7.0897,1816.2
59680162B12426298681132,Tsafe,Zamfara,North West,6.9042,11.8234,1944.1
59680162B94527775336179,Ekiti,Kwara,North Central,5.3523,8.1127,476.9
59680162B28239494939120,Zuru,Kebbi,North West,5.2696,11.4397,1184.9
59680162B26925253941931,Yagba West,Kogi,North Central,5.5564,8.2764,1284.1
59680162B62255786160615,Kogi,Kogi,North Central,6.8524,8.1464,1502.0
59680162B45171834970391,Olamaboro,Kogi,North Central,7.4906,7.1784,1135.4
59680162B61774592523326,Odigbo,Ondo,South West,4.8851,6.7324,1819.6
59680162B37327775180775,Agege,Lagos,South West,3.3167,6.6239,12.2
59680162B54095353953704,Kibiya,Kano,North West,8.6963,11.4949,413.4
59680162B97277051818349,Isin,Kwara,North Central,5.0538,8.2629,558.7
59680162B7149387462115,Sabon Gari,Kaduna,North West,7.7056,11.1641,192.4
59680162B52658055469559,Malam Madori,Jigawa,North West,9.9379,12.5237,822.1
59680162B326996000256,Lokoja,Kogi,North Central,6.5471,8.2484,3208.4
59680162B73824932270854,Ede South,Osun,South West,4.4358,7.6602,218.5
59680162B2967434957315,Giwa,Kaduna,North West,7.3287,11.0515,2317.8
59680162B9357675593038,Ikole,Ekiti,South West,5.5288,7.8781,1040.1
59680162B19874744513454,Kunchi,Kano,North West,8.2591,12.4684,506.5
59680162B66353567053476,Guri,Jigawa,North West,10.4736,12.6452,1051.5
59680162B25309364748934,Maru,Zamfara,North West,6.3385,11.6799,7463.9
59680162B57621312639176,Dukku,Gombe,North East,10.887,10.769,3767.2
59680162B10831398447622,Wamakko,Sokoto,North West,5.1056,13.0973,698.5
59680162B41605859942250,Oke Ero,Kwara,North Central,5.2718,8.1758,436.5
59680162B18924931802221,Oshodi/Isolo,Lagos,South West,3.3125,6.5372,54.4
59680162B89355923746110,Abadam,Borno,North East,13.2682,13.3704,4014.5
59680162B58812788921078,Moba,Ekiti,South West,5.1388,7.9895,221.2
59680162B34682847069002,Gwagwalada,FCT,North Central,7.045,9.0755,1042.7
59680162B89404589930000,Kagarko,Kaduna,North West,7.5843,9.4884,2371.8
59680162B29524904273451,Abaji,FCT,North Central,6.8282,8.8546,955.3
59680162B82734256395858,Sardauna,Taraba,North East,11.2369,6.9103,4779.0
59680162B85769693016783,Shanga,Kebbi,North West,4.6073,11.199,2741.4
59680162B79463473975333,Birnin Gwari,Kaduna,North West,6.5607,10.8766,6296.9
59680162B87284296025200,Ngaski,Kebbi,North West,4.7123,10.5762,2781.2
59680162B24550873512487,Chikun,Kaduna,North West,7.314,10.4249,4493.4
59680162B47779539071975,Yauri,Kebbi,North West,4.7222,10.7681,317.5
59680162B79526209894783,Kauru,Kaduna,North West,8.1854,10.3638,3206.6
59680162B45761287530482,Demsa,Adamawa,North East,12.106,9.4131,1597.1
59680162B33788323646847,Umuahia South,Abia,South East,7.4278,5.4983,142.4
59680162B29331014496737,Obokun,Osun,South West,4.7606,7.7787,513.2
59680162B78900735102434,Owerri West,Imo,South East,6.9573,5.4295,288.2
59680162B9133954487337,Nasarawa,Nasarawa,North Central,7.7581,8.331,5241.5
59680162B38736391522213,Idemili South,Anambra,South East,6.8292,6.0584,104.7
59680162B53329994117155,Aba North,Abia,South East,7.3403,5.1085,27.5
59680162B82944797684000,Odeda,Ogun,South West,3.523,7.3254,1327.3
59680162B17778966736574,Ijebu East,Ogun,South West,4.2201,6.8109,2037.1
59680162B94450341733030,Okpokwu,Benue,North Central,7.8614,7.0639,890.3
59680162B64183111122385,Shomgom,Gombe,North East,11.2436,9.7318,982.8
59680162B25214275797379,Ado-Ekiti,Ekiti,South West,5.2352,7.6164,278.9
59680162B56887411771488,Ahiazu-Mbaise,Imo,South East,7.2707,5.5519,100.1
59680162B11863934245151,Ankpa,Kogi,North Central,7.6034,7.5043,1295.2
59680162B31302026198632,Nkwerre,Imo,South East,7.1013,5.7684,47.6
59680162B6932812925911,Apa,Benue,North Central,7.9029,7.6062,1075.2
59680162B2505789698133,Kwande,Benue,North Central,9.4145,6.7418,2587.3
59680162B83284995722346,Ikom,Cross River,South South,8.6172,6.1072,1864.2
59680162B17555212909244,Ido-Osi,Ekiti,South West,5.1723,7.855,229.9
59680162B72042998542035,Ukwa East,Abia,South East,7.391,4.9631,324.2
59680162B46910461063287,Ukwa West,Abia,South East,7.262,4.9724,246.3
59680162B31350853830247,Nnewi South,Anambra,South East,6.9629,5.9656,182.3
59680162B50576086706147,Bende,Abia,South East,7.5723,5.6382,594.7
59680162B88090020431393,Okigwe,Imo,South East,7.3252,5.8225,329.9
59680162B54185205976265,Jama'Are,Bauchi,North East,9.8886,11.6516,343.2
59680162B28903777440270,Kokona,Nasarawa,North Central,8.0586,8.8048,1889.6
59680162B20020413332718,Mafa,Borno,North East,13.5651,11.9529,3411.7
59680162B95139171035149,Akko,Gombe,North East,11.0173,10.1003,2484.7
59680162B69595078054024,Ushongo,Benue,North Central,8.9376,7.1132,1042.2
59680162B95469939765095,Ehime-Mbano,Imo,South East,7.3021,5.671,192.2
59680162B23369049466603,Ideato South,Imo,South East,7.1595,5.7924,94.3
59680162B5974853059370,Ife South,Osun,South West,4.5771,7.1955,1052.1
59680162B91981903970684,Oyi,Anambra,South East,6.8895,6.2258,150.8
59680162B46774046834533,Ekiti South-West,Ekiti,South West,5.0393,7.5285,293.5
59680162B31003411858547,Ayamelum,Anambra,South East,6.9813,6.5516,552.7
59680162B96723309662383,Aboh-Mbaise,Imo,South East,7.2589,5.4225,184.4
59680162B76636581595069,Ilejemeje,Ekiti,South West,5.2137,7.9414,97.6
59680162B59739898555342,Mbatoli,Imo,South East,7.0216,5.5862,175.1
59680162B55799213409467,Akamkpa,Cross River,South South,8.5307,5.3817,4616.1
59680162B7784772599553,Obi Nwga,Abia,South East,7.4479,5.1635,372.1
59680162B24857715869577,Logo,Benue,North Central,9.2321,7.7239,1662.9
59680162B47044873054392,Guma,Benue,North Central,8.6679,7.8681,2948.4
59680162B30816727026324,Ogoja,Cross River,South South,8.6929,6.5218,923.1
59680162B76876152340896,Ohafia,Abia,South East,7.777,5.6701,547.2
59680162B54356159238049,Orumba North,Anambra,South East,7.1632,6.1244,322.9
59680162B34366982763718,Ado,Benue,North Central,8.0211,6.7638,999.3
59680162B43531883815254,Toto,Nasarawa,North Central,7.2021,8.2353,2663.4
59680162B61270202433812,Egbedore,Osun,South West,4.432,7.7835,289.8
59680162B39513276000218,Owerri North,Imo,South East,7.1037,5.4374,185.5
59680162B93345317219884,Idemili North,Anambra,South East,6.8997,6.1258,128.1
59680162B80116312922204,Isiala-Ngwa South,Abia,South East,7.4421,5.2793,251.6
59680162B83394095212312,Funakaye,Gombe,North East,11.4405,10.8131,1283.2
59680162B67606782034303,Katsina-Ala,Benue,North Central,9.5646,7.2948,2466.9
59680162B23155718085687,Mokwa,Niger,North Central,5.2608,9.1955,3912.4
59680162B9128777704300,Aba South,Abia,South East,7.3488,5.0775,37.9
59680162B83278495681126,Edati,Niger,North Central,5.6346,9.0256,1055.8
59680162B50359341822283,Odogbolu,Ogun,South West,3.7652,6.7916,519.3
59680162B30817931145163,Balanga,Gombe,North East,11.7024,9.8211,1535.9
59680162B36139632039116,Ijebu North East,Ogun,South West,4.0099,6.8793,146.2
59680162B20372712773645,Oturkpo,Benue,North Central,8.1277,7.2918,1392.7
59680162B64112154685735,Abi,Cross River,South South,8.0346,5.8841,238.3
59680162B2351853936587,Ideato North,Imo,South East,7.116,5.852,207.0
59680162B70922239420655,Oriade,Osun,South West,4.8665,7.5604,436.6
59680162B27389948970996,Illela,Sokoto,North West,5.3098,13.6706,1030.7
59680162B11133908611483,Nwangele,Imo,South East,7.1256,5.701,72.3
59680162B92942987363648,Ife East,Osun,South West,4.5809,7.3891,273.6
59680162B73921161942586,Obanliku,Cross River,South South,9.4036,6.4693,1011.4
59680162B32871052171758,Onuimo,Imo,South East,7.2438,5.7749,91.7
59680162B7635361694273,Qua'An Pan,Plateau,North Central,9.1223,8.7723,2637.6
59680162B61451583552190,Ngor-Okpala,Imo,South East,7.1459,5.3306,526.5
59680162B85361781814064,Ona Ara,Oyo,South West,4.0567,7.2537,321.0
59680162B31217574251855,Igbo-Eze North,Enugu,South East,7.459,7.0046,276.1
59680162B46226733150895,Oju,Benue,North Central,8.3234,6.8736,1175.7
59680162B7029176012538,Boluwaduro,Osun,South West,4.8186,7.9244,170.0
59680162B85493721249292,Shinkafi,Zamfara,North West,6.3682,13.0393,928.1
59680162B44850901768514,Orsu,Imo,South East,6.9891,5.8555,66.1
59680162B92640548002056,Anaocha,Anambra,South East,7.0189,6.0992,113.9
59680162B86980115162892,Bekwarra,Cross River,South South,8.8918,6.7102,342.4
59680162B46179290363212,Umu-Nneochi,Abia,South East,7.3925,5.9586,356.1
59680162B83455285452940,Ose,Ondo,South West,5.7237,7.0499,1472.3
59680162B73952515985037,Nnewi North,Anambra,South East,6.8962,6.0242,68.7
59680162B56866992006033,Akoko North West,Ondo,South West,5.8151,7.658,514.9
59680162B9948554175301,Ilesha East,Osun,South West,4.7653,7.5906,85.6
59680162B42022523568798,Njikoka,Anambra,South East,7.0127,6.186,55.8
59680162B99262810585367,Ohaji/Egbema,Imo,South East,6.829,5.4175,946.5
59680162B83386112613514,Gombe,Gombe,North East,11.1582,10.2974,56.3
59680162B94225169025314,Owerri Municipal,Imo,South East,7.0263,5.4759,62.9
59680162B98467355573765,Keana,Nasarawa,North Central,8.7548,8.1772,1053.8
59680162B24000905354670,Ohaukwu,Ebonyi,South East,7.9855,6.5392,725.8
59680162B53652676960042,Gbonyin,Ekiti,South West,5.4971,7.5877,462.3
59680162B35426409409773,Isiala Mbano,Imo,South East,7.1136,5.6669,131.2
59680162B16609728895319,Irepodun/Ifelodun,Ekiti,South West,5.2763,7.7125,341.6
59680162B2017456399117,Obowo,Imo,South East,7.3622,5.5548,82.5
59680162B83041511737206,Isuikwuato,Abia,South East,7.4675,5.8004,377.3
59680162B75733324884372,Makurdi,Benue,North Central,8.5467,7.6936,896.7
59680162B69095881694103,Gboko,Benue,North Central,8.909,7.3688,1626.7
59680162B28710912427622,Ife Central,Osun,South West,4.5391,7.5404,144.2
59680162B87049040782715,Isiala-Ngwa North,Abia,South East,7.4178,5.382,276.8
59680162B19335323694639,Yakurr,Cross River,South South,8.1744,5.8223,684.9
59680162B8070211954831,Billiri,Gombe,North East,11.1441,9.8433,678.0
59680162B76413580563978,Dunukofia,Anambra,South East,6.9764,6.2252,85.9
59680162B33112577829488,Osisioma Ngwa,Abia,South East,7.3305,5.1712,183.3
59680162B48244867814587,Ola Oluwa,Osun,South West,4.2327,7.7288,332.2
59680162B37281482686762,Wamba,Nasarawa,North Central,8.7158,9.001,1238.4
59680162B47985033068277,Boripe,Osun,South West,4.7075,7.8947,81.1
59680162B30655337934726,Yala,Cross River,South South,8.5346,6.6653,1598.8
59680162B7486965108625,Aguata,Anambra,South East,7.0996,5.9804,185.1
59680162B59054541310664,Calabar Municipal,Cross River,South South,8.3318,5.0052,64.2
59680162B73411137510562,Onitsha North,Anambra,South East,6.7952,6.1619,40.2
59680162B14415495238729,Ukum,Benue,North Central,9.659,7.5844,1593.0
59680162B66631777088899,Isa,Sokoto,North West,6.3696,13.2282,2050.3
59680162B53764009147535,Ogun Waterside,Ogun,South West,4.3775,6.4799,1038.0
59680162B54301811333050,Ifelodun,Osun,South West,4.6367,7.9291,157.7
59680162B7938799528038,Arochukwu,Abia,South East,7.8429,5.4949,443.6
59680162B95372959647234,Ijebu Ode,Ogun,South West,3.9488,6.7824,215.0
59680162B56106136996502,Magumeri,Borno,North East,12.6972,12.2155,4584.7
59680162B37931278966472,Boki,Cross River,South South,9.0254,6.2422,2852.1
59680162B2944873791560,Kwami,Gombe,North East,11.1629,10.4934,1860.6
59680162B97170897047692,Ekiti East,Ekiti,South West,5.6471,7.7107,305.7
59680162B98306169506823,Moro,Kwara,North Central,4.5153,8.8536,3124.0
59680162B50771081897552,Ezinihitte,Imo,South East,7.3181,5.4689,113.7
59680162B27876975276040,Kala Balge,Borno,North East,14.4543,11.9049,3181.3
59680162B80791368745463,Awe,Nasarawa,North Central,9.1658,8.2128,2590.7
59680162B59567965419701,Orolu,Osun,South West,4.4644,7.8904,78.0
59680162B46550202368720,Obubra,Cross River,South South,8.383,6.0017,1704.9
59680162B54275853767873,Akoko-Edo,Edo,South South,6.1249,7.3515,1375.3
59680162B73238408569532,Osogbo,Osun,South West,4.5412,7.7537,93.9
59680162B94034829608504,Ise/Orun,Ekiti,South West,5.3828,7.4214,431.5
59680162B71691370147242,Njaba,Imo,South East,7.0071,5.6699,57.0
59680162B75172896497028,Obi,Benue,North Central,8.3213,7.011,516.3
59680162B99039921741080,Buruku,Benue,North Central,9.277,7.3608,1377.4
59680162B9948575660850,Obudu,Cross River,South South,9.0571,6.5412,446.6
59680162B21498960785654,Orlu,Imo,South East,7.027,5.8176,130.8
59680162B23671729796425,Iwo,Osun,South West,4.1299,7.6772,213.4
59680162B18488232241930,Awka North,Anambra,South East,7.064,6.3316,374.9
59680162B13650355505793,Tarka,Benue,North Central,8.8623,7.5876,491.2
59680162B14302921886514,Umuahia North,Abia,South East,7.4945,5.5897,258.8
59680162B86061563506110,Odo Otin,Osun,South West,4.6848,8.0168,250.2
59680162B44242102017414,Ihiala,Anambra,South East,6.8578,5.842,298.3
59680162B98234428566305,Ilesha West,Osun,South West,4.7222,7.6384,101.1
59680162B43215766185997,Kaltungo,Gombe,North East,11.4309,9.8524,1005.1
59680162B77368104900520,Irepodun,Osun,South West,4.5274,7.9028,76.1
59680162B19549725656045,Ebonyi,Ebonyi,South East,8.1273,6.5411,400.3
59680162B86357482908219,Lafia,Nasarawa,North Central,8.7888,8.7135,2751.0
59680162B7511527862302,Ijebu North,Ogun,South West,4.035,7.022,1081.1
59680162B28606864431003,Ndokwa West,Delta,South South,6.4163,5.8264,814.5
59680162B47841916602322,Ikeduru,Imo,South East,7.146,5.5536,177.9
59680162B48603200461333,Okehi,Kogi,North Central,6.3503,7.7267,769.8
59680162B47339407576735,Yamaltu/Deba,Gombe,North East,11.404,10.3071,1863.4
59680162B54887547034560,Emure,Ekiti,South West,5.502,7.4061,258.1
59680162B84830000650933,Ikere,Ekiti,South West,5.2175,7.5103,296.5
59680162B16893313163973,Oguta,Imo,South East,6.7786,5.673,476.0
59680162B50777093344409,Konshisha,Benue,North Central,8.6949,7.042,1840.9
59680162B4821538642969,Ejigbo,Osun,South West,4.2186,7.8404,368.9
59680162B25446485561557,Gwer West,Benue,North Central,8.2077,7.5876,1244.1
59680162B25131261753844,Etung,Cross River,South South,8.7951,5.8573,976.0
59680162B99060674505372,Ekwusigo,Anambra,South East,6.8388,5.9813,120.9
59680162B51712615582520,Ijero,Ekiti,South West,5.0293,7.8456,364.1
59680162B43108992465432,Ugwunagbo,Abia,South East,7.3497,5.0156,126.8
59680162B28193395760126,Olorunda,Osun,South West,4.5755,7.8663,148.5
59680162B44675208679717,Nasarawa Egon,Nasarawa,North Central,8.4221,8.7237,1200.7
59680162B47259322211203,Ede North,Osun,South West,4.4874,7.7167,97.8
59680162B28595276838631,Afikpo South,Ebonyi,South East,7.7848,5.8354,387.2
59680162B53120698145103,Oru West,Imo,South East,6.8776,5.7351,119.3
59680162B18196869714953,Anambra East,Anambra,South East,6.8667,6.4714,615.8
59680162B81014786719276,Vandeikya,Benue,North Central,9.0939,6.81,676.0
59680162B20429116941940,Atakunmosa West,Osun,South West,4.6174,7.6007,398.6
59680162B97395677882832,Ogbaru,Anambra,South East,6.7434,5.916,486.5
59680162B4745386112936,Ikwuano,Abia,South East,7.5678,5.3973,261.0
59680162B35305934518280,Keffi,Nasarawa,North Central,7.8329,8.8364,212.2
59680162B7261312330016,Adavi,Kogi,North Central,6.4733,7.6922,611.3
59680162B91755424681987,Oru East,Imo,South East,6.9527,5.723,111.6
59680162B54973397451304,Remo North,Ogun,South West,3.7201,7.0038,204.5
59680162B13670821264537,Karu,Nasarawa,North Central,7.7359,8.9805,2431.9
59680162B19467626863877,Ikenne,Ogun,South West,3.6882,6.8871,180.3
59680162B66079212084305,Ila,Osun,South West,4.8976,7.9695,286.1
59680162B87556890682936,Doma,Nasarawa,North Central,8.2571,8.1335,3103.4
59680162B63392407575553,Nafada,Gombe,North East,11.234,11.0353,1227.0
59680162B99778789604362,Gwer East,Benue,North Central,8.39,7.3523,2286.5
59680162B55690925628014,Efon,Ekiti,South West,4.9438,7.6773,239.7
59680162B14530293305891,Ihitte/Uboma,Imo,South East,7.3841,5.6459,98.3
59680162B72061925749770,Ekiti West,Ekiti,South West,5.0431,7.7193,376.6
59680162B75725109309044,Atisbo,Oyo,South West,3.1798,8.4065,2476.4
59680162B73807077480910,Isu,Imo,South East,7.0534,5.6802,66.8
59680162B26648923761656,Ogbadibo,Benue,North Central,7.6859,7.022,530.5
59680162B38390932765307,Atakunmosa East,Osun,South West,4.7445,7.4402,358.7
59680162B44141715713069,Akwanga,Nasarawa,North Central,8.3448,8.9973,1074.9
59680162B49809531314946,Rafi,Niger,North Central,6.2218,10.2006,3863.2
59680162B36423706884187,Odukpani,Cross River,South South,8.0978,5.2456,1314.9
59680162B42207826884677,Gbako,Niger,North Central,6.0088,9.3282,1546.3
59680162B21365932465956,Ukwuani,Delta,South South,6.2536,5.8519,406.4
59680162B42338651294858,Awka South,Anambra,South East,7.0895,6.1914,158.3
59680162B85303802109421,Gurara,Niger,North Central,6.9742,9.3552,894.7
59680162B51611927546147,Kontagora,Niger,North Central,5.5154,10.4343,1830.8
59680162B45761990386675,Mashegu,Niger,North Central,5.2526,9.8358,8784.3
59680162B62313947241233,Wushishi,Niger,North Central,5.8994,9.6864,1836.5
59680162B70265669805684,Shiroro,Niger,North Central,6.7195,10.0831,4669.2
59680162B99837769325291,Borgu,Niger,North Central,4.1072,10.1894,10823.8
59680162B14261849329471,Lapai,Niger,North Central,6.6574,8.7398,3038.2
59680162B66461609617276,Akoko South West,Ondo,South West,5.7065,7.4075,532.9
59680162B75618838886778,Rijau,Niger,North Central,5.2173,11.044,3024.3
59680162B49614598703533,Chanchaga,Niger,North Central,6.5395,9.611,80.2
59680162B84198311358077,Mariga,Niger,North Central,5.8698,10.6175,6320.4
59680162B69298252864907,Munya,Niger,North Central,7.0734,9.7973,2184.2
59680162B93998087230069,Bosso,Niger,North Central,6.3574,9.645,1928.3
59680162B91872344495309,Suleja,Niger,North Central,7.1538,9.2191,114.2
59680162B6318880418470,Paikoro,Niger,North Central,6.8377,9.493,2023.4
59680162B46182656305392,Kanke,Plateau,North Central,9.6545,9.365,879.8
59680162B88998270560680,Jos North,Plateau,North Central,8.892,9.9373,260.1
59680162B89640587380951,Jos East,Plateau,North Central,9.1076,9.8658,917.1
59680162B51317919954642,Oredo,Edo,South South,5.5636,6.2326,251.6
59680162B21067903036313,Patani,Delta,South South,6.0942,5.1744,230.9
59680162B53080807091718,Shendam,Plateau,North Central,9.5194,8.7432,2482.0
59680162B99535636657731,Egor,Edo,South South,5.5611,6.3428,93.7
59680162B43697273286299,Langtang North,Plateau,North Central,9.8204,9.0518,805.0
59680162B91711719497512,Jos South,Plateau,North Central,8.85,9.7607,562.2
59680162B72495617993590,Mikang,Plateau,North Central,9.5745,9.0198,767.0
59680162B6096372749080,Barkin Ladi,Plateau,North Central,8.9404,9.5346,1148.3
59680162B11957186029310,Pankshin,Plateau,North Central,9.3934,9.312,1372.7
59680162B1032840889978,Bokkos,Plateau,North Central,8.8891,9.2372,1602.9
59680162B1443452948914,Wase,Plateau,North Central,10.2567,9.0367,4911.7
59680162B94726154492089,Bassa,Plateau,North Central,8.8097,10.0542,1464.6
59680162B16963737840115,Orumba South,Anambra,South East,7.2309,6.0012,201.8
59680162B74099392913903,Kanam,Plateau,North Central,10.0175,9.4684,2730.6
59680162B99351931357354,Langtang South,Plateau,North Central,9.8638,8.594,1213.5
59680162B68239008143557,Mangu,Plateau,North Central,9.189,9.3885,1630.6
59680162B63010488329613,Tafa,Niger,North Central,7.2551,9.2301,232.4
59680162B40491222708573,Magama,Niger,North Central,5.0608,10.2984,3664.8
59680162B64027612781435,Agwara,Niger,North Central,4.5246,10.7247,1458.5
59680162B48237076936000,Riyom,Plateau,North Central,8.7138,9.5856,807.6
59680162B28016750993437,Rabah,Sokoto,North West,5.7955,12.9944,2142.3
59680162B29308605862653,Ikwo,Ebonyi,South East,8.1963,6.0993,698.5
59680162B21692666530817,Safana,Katsina,North West,7.2309,12.5209,1342.5
59680162B51331479839153,Ajeromi/Ifelodun,Lagos,South West,3.336,6.4573,12.5
59680162B63684780260143,Koko-Besse,Kebbi,North West,4.4946,11.4495,1356.7
59680162B97817900806996,Epe,Lagos,South West,4.0489,6.5293,1323.8
59680162B87731060313783,Sumaila,Kano,North West,8.8618,11.2561,1494.0
59680162B76072611977433,Ogori/Magongo,Kogi,North Central,6.1564,7.4773,79.7
59680162B96890005302109,Amuwo Odofin,Lagos,South West,3.2745,6.4492,115.4
59680162B88365177272018,Tsanyawa,Kano,North West,7.9964,12.2848,547.3
59680162B89638160160445,Ibeju Lekki,Lagos,South West,3.8517,6.4561,418.8
59680162B23949108035203,Ajaokuta,Kogi,North Central,6.503,7.5043,1631.4
59680162B43339423021624,Irepo,Oyo,South West,3.8839,9.0253,962.5
59680162B76063539046075,Isoko North,Delta,South South,6.1308,5.5213,456.8
59680162B4656907626813,Ezeagu,Enugu,South East,7.2433,6.4099,676.7
59680162B53064832422435,Irele,Ondo,South West,4.9986,6.5082,965.9
59680162B88663407419721,Owo,Ondo,South West,5.5943,7.0952,1030.9
59680162B92999716235821,Dekina,Kogi,North Central,7.1437,7.595,2458.5
59680162B30693560799830,Akoko North East,Ondo,South West,5.9058,7.5622,373.9
59680162B11018926765325,Oluyole,Oyo,South West,3.8795,7.2189,665.6
59680162B28887917480980,Ogba/Egbema/Ndoni,Rivers,South South,6.635,5.434,897.8
59680162B58622494857171,Ovia South-West,Edo,South South,5.2986,6.4697,2782.5
59680162B10854216301983,Ndokwa East,Delta,South South,6.4974,5.661,1608.3
59680162B31759462460359,Saki East,Oyo,South West,3.6108,8.6903,1285.1
59680162B38335311272259,Onicha,Ebonyi,South East,7.8169,6.1068,442.8
59680162B29085579275088,Ethiope East,Delta,South South,5.9605,5.6941,460.1
59680162B90915593246984,Obi,Nasarawa,North Central,8.7575,8.3763,975.1
59680162B21986463159939,Oyo East,Oyo,South West,4.0554,7.8761,109.4
59680162B35701990596564,Ivo,Ebonyi,South East,7.6154,5.9181,291.5
59680162B2904770846082,Etsako East,Edo,South South,6.516,7.1876,1142.3
59680162B32979491305099,Oshimili South,Delta,South South,6.7299,6.1278,262.5
59680162B3302114520233,Izzi,Ebonyi,South East,8.2785,6.538,1172.5
59680162B89324456878264,Isoko South,Delta,South South,6.2168,5.3832,719.8
59680162B18578493945657,Ezza South,Ebonyi,South East,7.9858,6.1126,296.2
59680162B1935816053049,Ofu,Kogi,North Central,7.0409,7.324,1564.0
59680162B16701148271715,Aniocha North,Delta,South South,6.4714,6.3645,408.7
59680162B29589714384573,Aniocha South,Delta,South South,6.4774,6.142,872.1
59680162B24636018787341,Igalamela-Odolu,Kogi,North Central,7.0965,7.0363,2092.4
59680162B99910214526625,Ibiono Ibom,Akwa Ibom,South South,7.893,5.1808,336.7
59680162B95147302907135,Obot Akara,Akwa Ibom,South South,7.6151,5.2551,255.5
59680162B3334363185534,Ogo Oluwa,Oyo,South West,4.2216,7.9755,438.2
59680162B537197556674,Atiba,Oyo,South West,3.904,8.0413,677.1
59680162B1338580155275,Ogbomosho South,Oyo,South West,4.2252,8.1058,44.5
59680162B48615386953659,Ovia North-East,Edo,South South,5.5031,6.3963,2339.3
59680162B11241948791785,Afijio,Oyo,South West,3.8865,7.743,922.5
59680162B8886032648131,Ogbomosho North,Oyo,South West,4.263,8.1342,163.9
59680162B85189896765318,Ikwerre,Rivers,South South,6.8641,5.084,671.9
59680162B89342314449475,Esit Eket,Akwa Ibom,South South,8.0803,4.6428,149.5
59680162B6299894636493,Obio/Akpor,Rivers,South South,6.9977,4.8556,265.0
59680162B93423525469915,Etche,Rivers,South South,7.0849,5.072,817.2
59680162B18672795330723,Askira Uba,Borno,North East,12.6651,10.6895,2702.6
59680162B7305913438202,Gwadabawa,Sokoto,North West,5.3172,13.4167,1014.5
59680162B39799007570945,Hadejia,Jigawa,North West,10.0642,12.4647,27.3
59680162B41078826165134,Kiri Kasama,Jigawa,North West,10.2511,12.5996,813.0
59680162B88504568355174,Konduga,Borno,North East,13.159,11.6733,5352.0
59680162B64727590098747,Jere,Borno,North East,13.1846,11.9359,798.7
59680162B38204256572023,Eti Osa,Lagos,South West,3.582,6.4574,178.9
59680162B6009908161486,Kosofe,Lagos,South West,3.3923,6.5871,61.5
59680162B6783963116345,Ibadan North,Oyo,South West,3.908,7.4222,39.4
59680162B96934818178887,Akinyele,Oyo,South West,3.9027,7.5445,419.2
59680162B23843497952419,Ido,Oyo,South West,3.7162,7.4756,744.6
59680162B17793632216798,Ibadan North West,Oyo,South West,3.8639,7.4088,29.2
59680162B83508950999506,Ibadan South West,Oyo,South West,3.8665,7.3612,24.2
59680162B26854390786792,Ibadan South East,Oyo,South West,3.9035,7.3554,16.0
59680162B79825109156569,Abeokuta South,Ogun,South West,3.3715,7.1763,66.3
59680162B54313559089261,Alimosho,Lagos,South West,3.2538,6.582,184.1
59680162B46296414727789,Ifako/Ijaye,Lagos,South West,3.3126,6.6665,32.4
59680162B53104406185271,Ikorodu,Lagos,South West,3.5937,6.5999,415.2
59680162B2266540401620,Ifo,Ogun,South West,3.1616,6.7701,522.2
59680162B78935719106444,Ikeja,Lagos,South West,3.3488,6.6065,41.2
59680162B67809263123643,Ewekoro,Ogun,South West,3.1735,6.9756,631.2
59680162B67711641000031,Ojo,Lagos,South West,3.1656,6.4633,173.2
59680162B33139344805421,Badagry,Lagos,South West,2.9666,6.4469,442.2
59680162B74248263036628,Obafemi Owode,Ogun,South West,3.4538,6.9591,1621.6
59680162B19485775159758,Ipokia,Ogun,South West,2.7904,6.6579,578.6
59680162B2835516393243,Ohimini,Benue,North Central,7.9471,7.2582,689.8
59680162B83241100924072,Ilorin West,Kwara,North Central,4.5069,8.4663,149.5
59680162B59525703418999,Asa,Kwara,North Central,4.3875,8.4421,1352.5
